bench,alloc_type,total,bit_pos,p_one,entropy
blender,32bits,26794399,0,0.29674268864922104,0.8772726651134737
blender,32bits,26794399,1,0.45407676432675353,0.993906290669949
blender,32bits,26794399,2,0.2967246624938294,0.8772502243080591
blender,32bits,26794399,3,0.23408250358591734,0.7850604172274713
blender,32bits,26794399,4,0.44690653445893674,0.9918509727047304
blender,32bits,26794399,5,0.43895569368807263,0.9892209894651988
blender,32bits,26794399,6,0.3887274351628488,0.9639734054703352
blender,32bits,26794399,7,0.28962735831469855,0.868239393823629
blender,32bits,26794399,8,0.4410997611851641,0.9899666136020255
blender,32bits,26794399,9,0.44010369480576894,0.9896235675831794
blender,32bits,26794399,10,0.2368562549210378,0.789773138278296
blender,32bits,26794399,11,0.244424403771848,0.8023208144198145
blender,32bits,26794399,12,0.23881315643616413,0.7930610231013888
blender,32bits,26794399,13,0.3864950283079684,0.9625003771630457
blender,32bits,26794399,14,0.4400627534135026,0.9896093430684472
blender,32bits,26794399,15,0.23429008428216658,0.7854152425673651
blender,32bits,26794399,16,0.24077468578414465,0.7963261830837323
blender,32bits,26794399,17,0.2880197462163641,0.8661494648027849
blender,32bits,26794399,18,0.24187069842469688,0.7981373701888556
blender,32bits,26794399,19,0.29124329304792396,0.8703218792886941
blender,32bits,26794399,20,0.4359137892960391,0.9881169186909713
blender,32bits,26794399,21,0.2915978820797585,0.8707764010204744
blender,32bits,26794399,22,0.39317164755216194,0.9668158522052251
blender,32bits,26794399,23,0.3572815721673772,0.9404035281303931
blender,32bits,26794399,24,0.4702002832756204,0.9974361878298403
blender,32bits,26794399,25,0.3128083223661781,0.8963886311925393
blender,32bits,26794399,26,0.5032284918948919,0.9999699249087723
blender,32bits,26794399,27,0.5258134358602333,0.9980765130239866
blender,32bits,26794399,28,0.5707155066250973,0.9855225871999003
blender,32bits,26794399,29,0.5208952438156945,0.9987398393834275
blender,32bits,26794399,30,0.255160192247641,0.8193548586687738
blender,32bits,26794399,31,0.008126250564530296,0.06809807466544895
blender,32bits,26794399,32,0.010000746797866226,0.08079808664465407
blender,32bits,26794399,33,0.027769423005158653,0.18307921244343522
blender,32bits,26794399,34,0.010606358440806976,0.08478663283704821
blender,32bits,26794399,35,0.0013357269181518121,0.014679492282388738
blender,32bits,26794399,36,0.027655966457766044,0.1824968666724843
blender,32bits,26794399,37,0.026936562376338426,0.17878814673179205
blender,32bits,26794399,38,0.018395075776844256,0.132331972316943
blender,32bits,26794399,39,0.010599752582619972,0.08474340411763877
blender,32bits,26794399,40,0.02695070712352981,0.17886133882517588
blender,32bits,26794399,41,0.0276724997638499,0.18258177116405486
blender,32bits,26794399,42,0.0013539396797069417,0.014853176943729238
blender,32bits,26794399,43,0.002054683144787088,0.021303119707834484
blender,32bits,26794399,44,0.001341287781823358,0.014732560871781028
blender,32bits,26794399,45,0.018395187740542343,0.1323326147362586
blender,32bits,26794399,46,0.027659474653639368,0.1825148837494287
blender,32bits,26794399,47,0.0013387499380001023,0.014708345789634831
blender,32bits,26794399,48,0.0013399068962136453,0.014719385879459281
blender,32bits,26794399,49,0.009880759034752001,0.08000160491154605
blender,32bits,26794399,50,0.0020610277543452273,0.021359724228795045
blender,32bits,26794399,51,0.010596281707979343,0.08472068831726236
blender,32bits,26794399,52,0.02746062712584074,0.1814926161986154
blender,32bits,26794399,53,0.01025475510758797,0.08247730876132837
blender,32bits,26794399,54,0.017946287953687634,0.12974882839512158
blender,32bits,26794399,55,0.028482370513330045,0.18672297097041704
blender,32bits,26794399,56,0.04669774455474818,0.27220003776562385
blender,32bits,26794399,57,0.02099311874843694,0.14698089183122978
blender,32bits,26794399,58,0.03794494513573527,0.2327891688445283
blender,32bits,26794399,59,0.03795147635145688,0.23281963050513743
blender,32bits,26794399,60,0.047221249485760064,0.2744736490599119
blender,32bits,26794399,61,0.038675097732179024,0.23618423235003197
blender,32bits,26794399,62,0.009673775478225878,0.0786226380450771
blender,32bits,26794399,63,0.0,0.0
blender,64bits,3357625,0,0.06310323517367186,0.3396423739493031
blender,64bits,3357625,1,0.6223476415621161,0.9563670681359967
blender,64bits,3357625,2,0.08053847585719072,0.40407370721165087
blender,64bits,3357625,3,0.09043713934700867,0.4379272506045565
blender,64bits,3357625,4,0.635285953613045,0.9465267582259598
blender,64bits,3357625,5,0.6130339153419456,0.9628137202500433
blender,64bits,3357625,6,0.6128066713823015,0.9629643986321661
blender,64bits,3357625,7,0.08238710397974759,0.41053495042488297
blender,64bits,3357625,8,0.6198625516548155,0.9581390398637293
blender,64bits,3357625,9,0.6327818026134544,0.9485121786139288
blender,64bits,3357625,10,0.06173411265403373,0.33429057941871904
blender,64bits,3357625,11,0.09443758609135922,0.4511109654632427
blender,64bits,3357625,12,0.0647469565541119,0.3460072070255608
blender,64bits,3357625,13,0.624452105282752,0.9548368587551808
blender,64bits,3357625,14,0.6480515245150963,0.9357961815063469
blender,64bits,3357625,15,0.05682826402591117,0.31472346707691223
blender,64bits,3357625,16,0.0729947507538811,0.3770013796433407
blender,64bits,3357625,17,0.06235270466475559,0.33671433256253197
blender,64bits,3357625,18,0.10113845351997319,0.47259405268839816
blender,64bits,3357625,19,0.09824920889021257,0.46342102043673933
blender,64bits,3357625,20,0.6457624064629016,0.9377957528148224
blender,64bits,3357625,21,0.08647362346896988,0.4245883905598271
blender,64bits,3357625,22,0.6233057592792525,0.9556737708126759
blender,64bits,3357625,23,0.32790618368638547,0.91277281235728
blender,64bits,3357625,24,0.6243999851085217,0.9548750854472108
blender,64bits,3357625,25,0.3696493801422136,0.950402496968439
blender,64bits,3357625,26,0.9394423141357359,0.32965475732468996
blender,64bits,3357625,27,0.8969756896615911,0.47850976899370035
blender,64bits,3357625,28,0.9311766501619448,0.361517201920178
blender,64bits,3357625,29,0.9375913033766428,0.33693325163853244
blender,64bits,3357625,30,0.014464390752391944,0.10911301609938297
blender,64bits,3357625,31,0.0008973604854621942,0.010377141497561736
blender,64bits,3357625,32,0.03647280443766055,0.22587953200079428
blender,64bits,3357625,33,0.31232016678455754,0.8958335630239883
blender,64bits,3357625,34,0.0371286251442612,0.22896847880574184
blender,64bits,3357625,35,0.03081791444845687,0.1984772190981395
blender,64bits,3357625,36,0.3155212389709988,0.8994443087423112
blender,64bits,3357625,37,0.30073251182011096,0.8821844738601015
blender,64bits,3357625,38,0.30234555675514685,0.8841392199746188
blender,64bits,3357625,39,0.03255455865381036,0.2070453471468687
blender,64bits,3357625,40,0.30155779755035184,0.8831868115668503
blender,64bits,3357625,41,0.30613960760954545,0.8886669259005433
blender,64bits,3357625,42,0.02322743010312349,0.15919698236024604
blender,64bits,3357625,43,0.038878969509698075,0.23712848455449176
blender,64bits,3357625,44,0.02175823684896318,0.15120188775810114
blender,64bits,3357625,45,0.30571252001042404,0.8881621483236195
blender,64bits,3357625,46,0.3174618964297681,0.9015999791112201
blender,64bits,3357625,47,0.018676594318901008,0.13394410526266495
blender,64bits,3357625,48,0.02512788057034362,0.16933634858935873
blender,64bits,3357625,49,0.02412419492945162,0.16400898711187478
blender,64bits,3357625,50,0.041957335914522914,0.2511956302765499
blender,64bits,3357625,51,0.04036007594653959,0.24394069519186823
blender,64bits,3357625,52,0.31274457391757565,0.8963162354199321
blender,64bits,3357625,53,0.032250176836305426,0.2055538027653984
blender,64bits,3357625,54,0.30812523733293623,0.8909975009026128
blender,64bits,3357625,55,0.6271066602136928,0.9528677974379578
blender,64bits,3357625,56,0.7601355124529988,0.7948148542833833
blender,64bits,3357625,57,0.6498953873645806,0.9341614486311014
blender,64bits,3357625,58,0.9153854286884331,0.41823377563535413
blender,64bits,3357625,59,0.9142402740032016,0.42215567814892296
blender,64bits,3357625,60,0.9301842820446,0.36523556984774264
blender,64bits,3357625,61,0.933471426975913,0.35283334229130603
blender,64bits,3357625,62,0.007885633446260377,0.0664250227440256
blender,64bits,3357625,63,0.0008017571944454785,0.009401936848587316
bwaves,32bits,12226,0,0.10600359888761655,0.4877426543780259
bwaves,32bits,12226,1,0.08588254539505971,0.42257486955992857
bwaves,32bits,12226,2,0.06019957467691804,0.32823664715846634
bwaves,32bits,12226,3,0.06216260428594798,0.33597049468159595
bwaves,32bits,12226,4,0.0924259774251595,0.44451599120091834
bwaves,32bits,12226,5,0.09487976443644691,0.4525514306094707
bwaves,32bits,12226,6,0.07524946834614755,0.38521509342483534
bwaves,32bits,12226,7,0.06625224930476034,0.3517795061791576
bwaves,32bits,12226,8,0.057418616064125634,0.3171113941600572
bwaves,32bits,12226,9,0.04384099460166858,0.2596339787733774
bwaves,32bits,12226,10,0.05725503026337314,0.3164506369240523
bwaves,32bits,12226,11,0.03157205954523147,0.20221540722872494
bwaves,32bits,12226,12,0.0492393260265009,0.2831568395242532
bwaves,32bits,12226,13,0.05709144446262064,0.3157891644371158
bwaves,32bits,12226,14,0.08424668738753477,0.41696868464043446
bwaves,32bits,12226,15,0.02895468673319156,0.18912226743869198
bwaves,32bits,12226,16,0.08849991820709963,0.431442820123346
bwaves,32bits,12226,17,0.04106003598887616,0.24713148233776666
bwaves,32bits,12226,18,0.08849991820709963,0.431442820123346
bwaves,32bits,12226,19,0.10845738589890397,0.49524536228976923
bwaves,32bits,12226,20,0.021102568297071814,0.14758718712927946
bwaves,32bits,12226,21,0.0986422378537543,0.4646767538142167
bwaves,32bits,12226,22,0.0986422378537543,0.4646767538142167
bwaves,32bits,12226,23,0.07868477016194994,0.39752785692456316
bwaves,32bits,12226,24,0.011287420251922134,0.08921195987969605
bwaves,32bits,12226,25,0.011287420251922134,0.08921195987969605
bwaves,32bits,12226,26,0.10845738589890397,0.49524536228976923
bwaves,32bits,12226,27,0.04106003598887616,0.24713148233776666
bwaves,32bits,12226,28,0.04106003598887616,0.24713148233776666
bwaves,32bits,12226,29,0.011287420251922134,0.08921195987969605
bwaves,32bits,12226,30,0.011287420251922134,0.08921195987969605
bwaves,32bits,12226,31,0.011287420251922134,0.08921195987969605
bwaves,32bits,12226,32,0.0011451006052674627,0.012839072546622208
bwaves,32bits,12226,33,0.0,0.0
bwaves,32bits,12226,34,0.0,0.0
bwaves,32bits,12226,35,0.0,0.0
bwaves,32bits,12226,36,0.0,0.0
bwaves,32bits,12226,37,0.0,0.0
bwaves,32bits,12226,38,0.0,0.0
bwaves,32bits,12226,39,0.0,0.0
bwaves,32bits,12226,40,0.0,0.0
bwaves,32bits,12226,41,0.0,0.0
bwaves,32bits,12226,42,0.0,0.0
bwaves,32bits,12226,43,0.0,0.0
bwaves,32bits,12226,44,0.0,0.0
bwaves,32bits,12226,45,0.0,0.0
bwaves,32bits,12226,46,0.0,0.0
bwaves,32bits,12226,47,0.0,0.0
bwaves,32bits,12226,48,0.0,0.0
bwaves,32bits,12226,49,0.0,0.0
bwaves,32bits,12226,50,0.0,0.0
bwaves,32bits,12226,51,0.0,0.0
bwaves,32bits,12226,52,0.0,0.0
bwaves,32bits,12226,53,0.0,0.0
bwaves,32bits,12226,54,0.0,0.0
bwaves,32bits,12226,55,0.0,0.0
bwaves,32bits,12226,56,0.0,0.0
bwaves,32bits,12226,57,0.0,0.0
bwaves,32bits,12226,58,0.0,0.0
bwaves,32bits,12226,59,0.0,0.0
bwaves,32bits,12226,60,0.0,0.0
bwaves,32bits,12226,61,0.0,0.0
bwaves,32bits,12226,62,0.0,0.0
bwaves,32bits,12226,63,0.0,0.0
bwaves,64bits,1306476514,0,0.18218542426856055,0.6848346705777703
bwaves,64bits,1306476514,1,0.20765533103184433,0.7369770219873013
bwaves,64bits,1306476514,2,0.20668648085624905,0.7351011442390618
bwaves,64bits,1306476514,3,0.20562383565358144,0.7330341633144299
bwaves,64bits,1306476514,4,0.22252435530578546,0.7647501873711322
bwaves,64bits,1306476514,5,0.21312683237411797,0.7474172074023637
bwaves,64bits,1306476514,6,0.21648942018409678,0.7537052812341637
bwaves,64bits,1306476514,7,0.21047269204871447,0.7423853024543876
bwaves,64bits,1306476514,8,0.21013433770765816,0.7417394430767004
bwaves,64bits,1306476514,9,0.2131100590148075,0.747385598157295
bwaves,64bits,1306476514,10,0.21806342934382056,0.7566155835054921
bwaves,64bits,1306476514,11,0.20845462132815654,0.7385184024204516
bwaves,64bits,1306476514,12,0.22243653436237737,0.7645916529659135
bwaves,64bits,1306476514,13,0.2135713348154378,0.7482539867581889
bwaves,64bits,1306476514,14,0.2100552057838217,0.7415882505116816
bwaves,64bits,1306476514,15,0.20914012006495206,0.7398358927955593
bwaves,64bits,1306476514,16,0.21065074576610415,0.7427247767069767
bwaves,64bits,1306476514,17,0.2180764950207134,0.7566396537287452
bwaves,64bits,1306476514,18,0.22506960197831768,0.7693169977871718
bwaves,64bits,1306476514,19,0.21460141073764452,0.7501865936634063
bwaves,64bits,1306476514,20,0.2163594691301125,0.7534640649241718
bwaves,64bits,1306476514,21,0.21173812084309693,0.7447919848176583
bwaves,64bits,1306476514,22,0.21768790785932185,0.7559231620543241
bwaves,64bits,1306476514,23,0.22118720689073176,0.7623293905825589
bwaves,64bits,1306476514,24,0.2226028925002168,0.7648919082728202
bwaves,64bits,1306476514,25,0.21418596124874542,0.749408230635135
bwaves,64bits,1306476514,26,0.21827666930413722,0.7570082439620318
bwaves,64bits,1306476514,27,0.2139295800613221,0.7489271510418181
bwaves,64bits,1306476514,28,0.22130374859536128,0.7625409744579166
bwaves,64bits,1306476514,29,0.22761507444901533,0.7738306188949489
bwaves,64bits,1306476514,30,0.21419848271378877,0.7494317117673437
bwaves,64bits,1306476514,31,0.24017562094499312,0.7953322089164734
bwaves,64bits,1306476514,32,0.2277826756248907,0.7741259382572754
bwaves,64bits,1306476514,33,0.21648029258029203,0.7536883431849597
bwaves,64bits,1306476514,34,0.2065372963910777,0.7348115617458845
bwaves,64bits,1306476514,35,0.23391985215587274,0.7847821488656082
bwaves,64bits,1306476514,36,0.2212996084520506,0.762533459890292
bwaves,64bits,1306476514,37,0.20791165175128437,0.7374719295735008
bwaves,64bits,1306476514,38,0.21693860621515926,0.7545379584659178
bwaves,64bits,1306476514,39,0.22519230682473637,0.7695358036085167
bwaves,64bits,1306476514,40,0.24078137159685672,0.7963372602585328
bwaves,64bits,1306476514,41,0.21090142842016676,0.7432022578613071
bwaves,64bits,1306476514,42,0.21671515558526144,0.7541239518911869
bwaves,64bits,1306476514,43,0.23304486512950817,0.7832815406780775
bwaves,64bits,1306476514,44,0.23991898640437404,0.7949055306515767
bwaves,64bits,1306476514,45,0.20826915607301916,0.73816124276222
bwaves,64bits,1306476514,46,0.20097527830492634,0.7238743684455495
bwaves,64bits,1306476514,47,0.22432727099141714,0.7679906244679733
bwaves,64bits,1306476514,48,0.22429503543299056,0.7679329235693744
bwaves,64bits,1306476514,49,0.20257940434740948,0.7270570036215283
bwaves,64bits,1306476514,50,0.1942543201354479,0.7102868134825391
bwaves,64bits,1306476514,51,0.193816621490373,0.7093876070383381
bwaves,64bits,1306476514,52,0.2433248700557965,0.8005258401221402
bwaves,64bits,1306476514,53,0.23826479210632026,0.7921427620919326
bwaves,64bits,1306476514,54,0.22589330985861106,0.7707834381124895
bwaves,64bits,1306476514,55,0.2625173957011523,0.8305214466352622
bwaves,64bits,1306476514,56,0.2901167911848127,0.8688720654525239
bwaves,64bits,1306476514,57,0.2923252097588032,0.8717059619139342
bwaves,64bits,1306476514,58,0.31840019513737694,0.9026332374997202
bwaves,64bits,1306476514,59,0.40924282240866977,0.9761011716254169
bwaves,64bits,1306476514,60,0.4503095805364014,0.9928638002838865
bwaves,64bits,1306476514,61,0.4530219936276635,0.9936227349672107
bwaves,64bits,1306476514,62,0.0066979252257725625,0.058003514707283425
bwaves,64bits,1306476514,63,0.31611399866312484,0.9001054073798598
cactus,32bits,323,0,0.39628482972136225,0.9687358309132001
cactus,32bits,323,1,0.28792569659442724,0.8660266359624909
cactus,32bits,323,2,0.20123839009287925,0.7243979715792217
cactus,32bits,323,3,0.16718266253869968,0.6512191452680451
cactus,32bits,323,4,0.16718266253869968,0.6512191452680451
cactus,32bits,323,5,0.44272445820433437,0.9905137029953146
cactus,32bits,323,6,0.22291021671826625,0.7654459827264628
cactus,32bits,323,7,0.2476780185758514,0.807577085445647
cactus,32bits,323,8,0.3126934984520124,0.896258212007687
cactus,32bits,323,9,0.14551083591331268,0.5984912026827063
cactus,32bits,323,10,0.09907120743034056,0.46604445752268464
cactus,32bits,323,11,0.12693498452012383,0.5489720464406704
cactus,32bits,323,12,0.11764705882352941,0.5225593745369408
cactus,32bits,323,13,0.13622291021671826,0.5742608276958308
cactus,32bits,323,14,0.14241486068111456,0.5905283423897523
cactus,32bits,323,15,0.21362229102167182,0.7483498037409102
cactus,32bits,323,16,0.24148606811145512,0.7975028372732278
cactus,32bits,323,17,0.24148606811145512,0.7975028372732278
cactus,32bits,323,18,0.01238390092879257,0.09621195286422424
cactus,32bits,323,19,0.0,0.0
cactus,32bits,323,20,0.25386996904024767,0.8173544586874122
cactus,32bits,323,21,0.25386996904024767,0.8173544586874122
cactus,32bits,323,22,0.25386996904024767,0.8173544586874122
cactus,32bits,323,23,0.25386996904024767,0.8173544586874122
cactus,32bits,323,24,0.0,0.0
cactus,32bits,323,25,0.0,0.0
cactus,32bits,323,26,0.25386996904024767,0.8173544586874122
cactus,32bits,323,27,0.0,0.0
cactus,32bits,323,28,0.0,0.0
cactus,32bits,323,29,0.0,0.0
cactus,32bits,323,30,0.0,0.0
cactus,32bits,323,31,0.0,0.0
cactus,32bits,323,32,0.0,0.0
cactus,32bits,323,33,0.0,0.0
cactus,32bits,323,34,0.0,0.0
cactus,32bits,323,35,0.0,0.0
cactus,32bits,323,36,0.0,0.0
cactus,32bits,323,37,0.0,0.0
cactus,32bits,323,38,0.0,0.0
cactus,32bits,323,39,0.0,0.0
cactus,32bits,323,40,0.0,0.0
cactus,32bits,323,41,0.0,0.0
cactus,32bits,323,42,0.0,0.0
cactus,32bits,323,43,0.0,0.0
cactus,32bits,323,44,0.0,0.0
cactus,32bits,323,45,0.0,0.0
cactus,32bits,323,46,0.0,0.0
cactus,32bits,323,47,0.0,0.0
cactus,32bits,323,48,0.0,0.0
cactus,32bits,323,49,0.0,0.0
cactus,32bits,323,50,0.0,0.0
cactus,32bits,323,51,0.0,0.0
cactus,32bits,323,52,0.0,0.0
cactus,32bits,323,53,0.0,0.0
cactus,32bits,323,54,0.0,0.0
cactus,32bits,323,55,0.0,0.0
cactus,32bits,323,56,0.0,0.0
cactus,32bits,323,57,0.0,0.0
cactus,32bits,323,58,0.0,0.0
cactus,32bits,323,59,0.0,0.0
cactus,32bits,323,60,0.0,0.0
cactus,32bits,323,61,0.0,0.0
cactus,32bits,323,62,0.0,0.0
cactus,32bits,323,63,0.0,0.0
cactus,64bits,312498020,0,0.28191512701424476,0.8580472000499109
cactus,64bits,312498020,1,0.31664487026189797,0.9006954924540655
cactus,64bits,312498020,2,0.32176670751385883,0.906292349526499
cactus,64bits,312498020,3,0.32745383474749695,0.9123037896222458
cactus,64bits,312498020,4,0.33001995340642476,0.9149467577777941
cactus,64bits,312498020,5,0.33136046109988154,0.9163103148921626
cactus,64bits,312498020,6,0.3303982246031511,0.915332719616686
cactus,64bits,312498020,7,0.33498081043841493,0.9199345079860111
cactus,64bits,312498020,8,0.33573649522643373,0.9206802717258412
cactus,64bits,312498020,9,0.32486990797573695,0.9095988916314338
cactus,64bits,312498020,10,0.33462457458130457,0.9195816666114408
cactus,64bits,312498020,11,0.3398411580335773,0.9246666230151042
cactus,64bits,312498020,12,0.3240369170979067,0.908717550439706
cactus,64bits,312498020,13,0.33392463734650224,0.9188860034475872
cactus,64bits,312498020,14,0.32852436953040537,0.9134116188787671
cactus,64bits,312498020,15,0.32493923641500194,0.9096720383625104
cactus,64bits,312498020,16,0.33330979505086145,0.9182722939735124
cactus,64bits,312498020,17,0.3306002866834164,0.9155385074497508
cactus,64bits,312498020,18,0.34041114244499854,0.9252115967611624
cactus,64bits,312498020,19,0.32591867622073256,0.9107020448656251
cactus,64bits,312498020,20,0.3270890868364542,0.911924620775114
cactus,64bits,312498020,21,0.34493658551820583,0.9294645213799999
cactus,64bits,312498020,22,0.32296875673004266,0.9075807009235316
cactus,64bits,312498020,23,0.3394291618231693,0.9242714042975291
cactus,64bits,312498020,24,0.328177106530147,0.9130530801094625
cactus,64bits,312498020,25,0.3423840893455901,0.9270818640453904
cactus,64bits,312498020,26,0.3426091019712701,0.9272935803903941
cactus,64bits,312498020,27,0.3251613850225355,0.90990620897648
cactus,64bits,312498020,28,0.34576527236876575,0.9302291166723377
cactus,64bits,312498020,29,0.34132797065402204,0.9260838162978657
cactus,64bits,312498020,30,0.33192305346446677,0.9168790935570497
cactus,64bits,312498020,31,0.3269439339167653,0.9117734864455387
cactus,64bits,312498020,32,0.3391120334138437,0.9239664462686774
cactus,64bits,312498020,33,0.3324881930451911,0.9174483742443379
cactus,64bits,312498020,34,0.31452566323460224,0.8983286707143072
cactus,64bits,312498020,35,0.343233371526642,0.9278792633503723
cactus,64bits,312498020,36,0.3432094961753678,0.9278569096374201
cactus,64bits,312498020,37,0.34581631269215724,0.9302760662470674
cactus,64bits,312498020,38,0.34075460062114954,0.9255389761231804
cactus,64bits,312498020,39,0.3304639562196266,0.9153996924501723
cactus,64bits,312498020,40,0.3289356809364744,0.9138352654938053
cactus,64bits,312498020,41,0.32247700321429235,0.9070547948786527
cactus,64bits,312498020,42,0.33347934812514973,0.9184417796442388
cactus,64bits,312498020,43,0.32173451210986875,0.9062577113618109
cactus,64bits,312498020,44,0.3335992368847649,0.9185615081244509
cactus,64bits,312498020,45,0.3324084197397475,0.9173681422795241
cactus,64bits,312498020,46,0.3208348424095615,0.9052870084451279
cactus,64bits,312498020,47,0.2964578079566712,0.8769177536059563
cactus,64bits,312498020,48,0.31472891892243027,0.8985569766389547
cactus,64bits,312498020,49,0.30900497545552447,0.8920215326840073
cactus,64bits,312498020,50,0.29225624533557043,0.87161798036053
cactus,64bits,312498020,51,0.26812811165971545,0.8387657516777924
cactus,64bits,312498020,52,0.33354283972743254,0.9185051979842564
cactus,64bits,312498020,53,0.3515481378090012,0.9354430794140396
cactus,64bits,312498020,54,0.38603596912390037,0.9621937155668971
cactus,64bits,312498020,55,0.5265819380231593,0.9979602235111222
cactus,64bits,312498020,56,0.6044400985324643,0.9682939751664248
cactus,64bits,312498020,57,0.6047147530726754,0.9681257405010092
cactus,64bits,312498020,58,0.6161180381238895,0.9607376515958945
cactus,64bits,312498020,59,0.6161542527533455,0.9607129295177825
cactus,64bits,312498020,60,0.6161542431532846,0.9607129360723669
cactus,64bits,312498020,61,0.6161542623534063,0.9607129229631977
cactus,64bits,312498020,62,0.05535645313848708,0.30872905980860793
cactus,64bits,312498020,63,0.29695601591331683,0.8775380661761409
cam4,32bits,115718790,0,0.4588273779910765,0.9951031877977776
cam4,32bits,115718790,1,0.466280048382808,0.9967167186418847
cam4,32bits,115718790,2,0.488894085394429,0.9996440828535552
cam4,32bits,115718790,3,0.47196830350542035,0.9977315404921363
cam4,32bits,115718790,4,0.4718332951804975,0.9977096252194209
cam4,32bits,115718790,5,0.47187043694459646,0.9977156647904994
cam4,32bits,115718790,6,0.47219277871813214,0.997767744938598
cam4,32bits,115718790,7,0.4712606224105869,0.997615492792566
cam4,32bits,115718790,8,0.4724945793159434,0.9978159610898562
cam4,32bits,115718790,9,0.47119598295142906,0.9976047485014163
cam4,32bits,115718790,10,0.4696809999482366,0.9973460010887516
cam4,32bits,115718790,11,0.4686011407481879,0.9971534548557632
cam4,32bits,115718790,12,0.46246293277003675,0.99593056704707
cam4,32bits,115718790,13,0.4651440617379425,0.9964915895753876
cam4,32bits,115718790,14,0.4351386408378449,0.9878268991441768
cam4,32bits,115718790,15,0.4358738196277372,0.988102050370701
cam4,32bits,115718790,16,0.4349436076889501,0.9877533728025394
cam4,32bits,115718790,17,0.43341294011110904,0.9871685654198454
cam4,32bits,115718790,18,0.43386163992900373,0.9873414214077879
cam4,32bits,115718790,19,0.42243087747460895,0.9825683771562537
cam4,32bits,115718790,20,0.4272509849091924,0.9846749653796343
cam4,32bits,115718790,21,0.4279715334043849,0.9849780969100199
cam4,32bits,115718790,22,0.424917638699817,0.9836723249095132
cam4,32bits,115718790,23,0.4238139631428915,0.9831868797315308
cam4,32bits,115718790,24,0.4273325274140872,0.9847094235207094
cam4,32bits,115718790,25,0.425769445048639,0.9840420695983192
cam4,32bits,115718790,26,0.42702670845417584,0.984579988695589
cam4,32bits,115718790,27,0.42375339389566724,0.9831600304441306
cam4,32bits,115718790,28,0.427449837662492,0.9847589275943331
cam4,32bits,115718790,29,0.4246222588397269,0.9835431088165801
cam4,32bits,115718790,30,0.42017647263681207,0.9815359796963543
cam4,32bits,115718790,31,0.4293845450682642,0.9855636627349265
cam4,32bits,115718790,32,0.4288637480568195,0.9853492079015636
cam4,32bits,115718790,33,0.4258193764383468,0.984063610517222
cam4,32bits,115718790,34,0.424081473717449,0.983305203244311
cam4,32bits,115718790,35,0.4250197828719087,0.9837168887608934
cam4,32bits,115718790,36,0.4220765097872178,0.9824080873993776
cam4,32bits,115718790,37,0.4230373995441881,0.98284099993658
cam4,32bits,115718790,38,0.4261029172531099,0.9841856540133994
cam4,32bits,115718790,39,0.42636634033245596,0.9842986132811238
cam4,32bits,115718790,40,0.42931500579983595,0.9855351201132951
cam4,32bits,115718790,41,0.4288944345166416,0.9853618883206527
cam4,32bits,115718790,42,0.42445512954292036,0.9834697686579379
cam4,32bits,115718790,43,0.42710249562754676,0.9846121162541733
cam4,32bits,115718790,44,0.4215899768741101,0.9821868059527759
cam4,32bits,115718790,45,0.425372404948237,0.9838702587501217
cam4,32bits,115718790,46,0.42460016216899604,0.9835334217543186
cam4,32bits,115718790,47,0.42227664150307825,0.9824987034706443
cam4,32bits,115718790,48,0.40975466473508754,0.9763714659111324
cam4,32bits,115718790,49,0.40910115807467395,0.9760260851598862
cam4,32bits,115718790,50,0.38149676470001115,0.9590922846578196
cam4,32bits,115718790,51,0.3731351580845254,0.9530489681739887
cam4,32bits,115718790,52,0.3594588571138706,0.942233083049824
cam4,32bits,115718790,53,0.44334964961178736,0.9907201124574556
cam4,32bits,115718790,54,0.42845266529316456,0.9851788032737996
cam4,32bits,115718790,55,0.4068935909198497,0.9748405230745032
cam4,32bits,115718790,56,0.2729567168823663,0.8456754172817977
cam4,32bits,115718790,57,0.23589640023024783,0.7881492780331091
cam4,32bits,115718790,58,0.24231579849737453,0.7988702086286331
cam4,32bits,115718790,59,0.25308257198333994,0.8161274279807219
cam4,32bits,115718790,60,0.26396592117840156,0.8326722248850187
cam4,32bits,115718790,61,0.27076803170859287,0.842564555836266
cam4,32bits,115718790,62,0.5815728197641887,0.9807141623314695
cam4,32bits,115718790,63,0.0322748794729015,0.20567501080604855
cam4,64bits,1688065555,0,0.36592005338323486,0.947487810050502
cam4,64bits,1688065555,1,0.4110645424549285,0.977056071995508
cam4,64bits,1688065555,2,0.41748146030975675,0.9802623094014553
cam4,64bits,1688065555,3,0.4273505634086586,0.9847170398572065
cam4,64bits,1688065555,4,0.43376069479718754,0.9873026366625717
cam4,64bits,1688065555,5,0.43806041466203605,0.9889016773811699
cam4,64bits,1688065555,6,0.43846409033563866,0.989046234587307
cam4,64bits,1688065555,7,0.44085486360155013,0.9898828090589681
cam4,64bits,1688065555,8,0.4441484856907705,0.9909805264940247
cam4,64bits,1688065555,9,0.44602943159988834,0.9915789742259198
cam4,64bits,1688065555,10,0.4472271966949767,0.9919492923683073
cam4,64bits,1688065555,11,0.44775959545007127,0.9921112083239692
cam4,64bits,1688065555,12,0.45184556887661864,0.9932988335634539
cam4,64bits,1688065555,13,0.4471241639664877,0.9919177664804467
cam4,64bits,1688065555,14,0.4470708022947604,0.9919014145584262
cam4,64bits,1688065555,15,0.44965395256821056,0.9926739219379526
cam4,64bits,1688065555,16,0.4500962464102883,0.9928022909623933
cam4,64bits,1688065555,17,0.45252943212860003,0.9934881003196554
cam4,64bits,1688065555,18,0.4510705468425958,0.9930810445984726
cam4,64bits,1688065555,19,0.45130951801217223,0.9931485710386967
cam4,64bits,1688065555,20,0.45032329505710456,0.9928677454330362
cam4,64bits,1688065555,21,0.45448626430861566,0.9940146322149452
cam4,64bits,1688065555,22,0.4496822672268791,0.9926821740005325
cam4,64bits,1688065555,23,0.45069160658277874,0.9929732847197894
cam4,64bits,1688065555,24,0.4531763347306734,0.9936646312361515
cam4,64bits,1688065555,25,0.451574472769809,0.9932230507629028
cam4,64bits,1688065555,26,0.45009528258516,0.992802012466655
cam4,64bits,1688065555,27,0.44832637201699194,0.9922817620528206
cam4,64bits,1688065555,28,0.45017664139234215,0.9928255019020596
cam4,64bits,1688065555,29,0.4563077237838669,0.9944847153250862
cam4,64bits,1688065555,30,0.45599713809692655,0.9944059239762068
cam4,64bits,1688065555,31,0.4586444339834895,0.9950595247608502
cam4,64bits,1688065555,32,0.4603738389768874,0.9954645114951732
cam4,64bits,1688065555,33,0.45616552433000745,0.9944487108892073
cam4,64bits,1688065555,34,0.45703550772351376,0.9946671469892429
cam4,64bits,1688065555,35,0.4558855867419201,0.9943774879900269
cam4,64bits,1688065555,36,0.4577642069119762,0.9948467229210952
cam4,64bits,1688065555,37,0.4560011829635372,0.9944069537090829
cam4,64bits,1688065555,38,0.4574564149554014,0.9947712491934996
cam4,64bits,1688065555,39,0.4558641420771126,0.9943720131540398
cam4,64bits,1688065555,40,0.45712698165919274,0.9946898586595248
cam4,64bits,1688065555,41,0.458593869004098,0.9950474221720259
cam4,64bits,1688065555,42,0.4508880580766308,0.9930292544110331
cam4,64bits,1688065555,43,0.4619034649990237,0.9958082394012859
cam4,64bits,1688065555,44,0.4525161761268211,0.9934844574593207
cam4,64bits,1688065555,45,0.4569078420654108,0.9946353681075487
cam4,64bits,1688065555,46,0.4512144553533053,0.9931217488939634
cam4,64bits,1688065555,47,0.44942715391168564,0.9926076547680985
cam4,64bits,1688065555,48,0.44476109578576173,0.991177705886262
cam4,64bits,1688065555,49,0.43319860465963955,0.9870855779357866
cam4,64bits,1688065555,50,0.4284517096256964,0.9851784059646315
cam4,64bits,1688065555,51,0.38738985169328927,0.9630944537691176
cam4,64bits,1688065555,52,0.41199701216579826,0.977537195399929
cam4,64bits,1688065555,53,0.48993129416706804,0.999707462735522
cam4,64bits,1688065555,54,0.3804127831990506,0.9583330365018106
cam4,64bits,1688065555,55,0.4545812979401739,0.9940396357851125
cam4,64bits,1688065555,56,0.40519382672908105,0.9739078245692308
cam4,64bits,1688065555,57,0.42624399263925505,0.9842461998978512
cam4,64bits,1688065555,58,0.4500072942961033,0.9927765655797252
cam4,64bits,1688065555,59,0.4577963662080647,0.9948545769360645
cam4,64bits,1688065555,60,0.4681766568005115,0.9970759167673212
cam4,64bits,1688065555,61,0.47425906276489366,0.9980873070888563
cam4,64bits,1688065555,62,0.4467256065775242,0.9917952327735677
cam4,64bits,1688065555,63,0.26271125471782997,0.83081019456205
exchange2,32bits,11178,0,0.12175702272320629,0.5343903730738709
exchange2,32bits,11178,1,0.09769189479334407,0.46163607915518556
exchange2,32bits,11178,2,0.07702630166398282,0.39161351225147223
exchange2,32bits,11178,3,0.07273215244229737,0.3760377711036963
exchange2,32bits,11178,4,0.1901950259438182,0.701879260813354
exchange2,32bits,11178,5,0.05770263016639828,0.3182568932320121
exchange2,32bits,11178,6,0.14761137949543746,0.6038303591690541
exchange2,32bits,11178,7,0.06638039005188763,0.3522684269743374
exchange2,32bits,11178,8,0.0703166935050993,0.3671043791734714
exchange2,32bits,11178,9,0.12739309357666845,0.5502451409274205
exchange2,32bits,11178,10,0.1232778672392199,0.5387101681877664
exchange2,32bits,11178,11,0.15127929862229378,0.6130325122353155
exchange2,32bits,11178,12,0.1200572553229558,0.529525421555108
exchange2,32bits,11178,13,0.0527822508498837,0.29810021131744496
exchange2,32bits,11178,14,0.12363571300769369,0.5397220914368765
exchange2,32bits,11178,15,0.003041689032027196,0.02981284225799196
exchange2,32bits,11178,16,0.16353551619252102,0.6427009381572266
exchange2,32bits,11178,17,0.003041689032027196,0.02981284225799196
exchange2,32bits,11178,18,0.16353551619252102,0.6427009381572266
exchange2,32bits,11178,19,0.16353551619252102,0.6427009381572266
exchange2,32bits,11178,20,0.003041689032027196,0.02981284225799196
exchange2,32bits,11178,21,0.16353551619252102,0.6427009381572266
exchange2,32bits,11178,22,0.16353551619252102,0.6427009381572266
exchange2,32bits,11178,23,0.16353551619252102,0.6427009381572266
exchange2,32bits,11178,24,0.003041689032027196,0.02981284225799196
exchange2,32bits,11178,25,0.003041689032027196,0.02981284225799196
exchange2,32bits,11178,26,0.16353551619252102,0.6427009381572266
exchange2,32bits,11178,27,0.003041689032027196,0.02981284225799196
exchange2,32bits,11178,28,0.003041689032027196,0.02981284225799196
exchange2,32bits,11178,29,0.003041689032027196,0.02981284225799196
exchange2,32bits,11178,30,0.003041689032027196,0.02981284225799196
exchange2,32bits,11178,31,0.003041689032027196,0.02981284225799196
exchange2,32bits,11178,32,0.0008051529790660225,0.009436846657057438
exchange2,32bits,11178,33,0.0,0.0
exchange2,32bits,11178,34,0.0,0.0
exchange2,32bits,11178,35,0.0,0.0
exchange2,32bits,11178,36,0.0,0.0
exchange2,32bits,11178,37,0.0,0.0
exchange2,32bits,11178,38,0.0,0.0
exchange2,32bits,11178,39,0.0,0.0
exchange2,32bits,11178,40,0.0,0.0
exchange2,32bits,11178,41,0.0,0.0
exchange2,32bits,11178,42,0.0,0.0
exchange2,32bits,11178,43,0.0,0.0
exchange2,32bits,11178,44,0.0,0.0
exchange2,32bits,11178,45,0.0,0.0
exchange2,32bits,11178,46,0.0,0.0
exchange2,32bits,11178,47,0.0,0.0
exchange2,32bits,11178,48,0.0,0.0
exchange2,32bits,11178,49,0.0,0.0
exchange2,32bits,11178,50,0.0,0.0
exchange2,32bits,11178,51,0.0,0.0
exchange2,32bits,11178,52,0.0,0.0
exchange2,32bits,11178,53,0.0,0.0
exchange2,32bits,11178,54,0.0,0.0
exchange2,32bits,11178,55,0.0,0.0
exchange2,32bits,11178,56,0.0,0.0
exchange2,32bits,11178,57,0.0,0.0
exchange2,32bits,11178,58,0.0,0.0
exchange2,32bits,11178,59,0.0,0.0
exchange2,32bits,11178,60,0.0,0.0
exchange2,32bits,11178,61,0.0,0.0
exchange2,32bits,11178,62,0.0,0.0
exchange2,32bits,11178,63,0.0,0.0
exchange2,64bits,32,0,0.0,0.0
exchange2,64bits,32,1,0.0,0.0
exchange2,64bits,32,2,0.0,0.0
exchange2,64bits,32,3,0.0,0.0
exchange2,64bits,32,4,0.25,0.8112781244591328
exchange2,64bits,32,5,0.25,0.8112781244591328
exchange2,64bits,32,6,0.0,0.0
exchange2,64bits,32,7,0.3125,0.8960382325345574
exchange2,64bits,32,8,0.0625,0.3372900666170139
exchange2,64bits,32,9,0.3125,0.8960382325345574
exchange2,64bits,32,10,0.3125,0.8960382325345574
exchange2,64bits,32,11,0.3125,0.8960382325345574
exchange2,64bits,32,12,0.3125,0.8960382325345574
exchange2,64bits,32,13,0.1875,0.6962122601251458
exchange2,64bits,32,14,0.5,1.0
exchange2,64bits,32,15,0.0,0.0
exchange2,64bits,32,16,0.5,1.0
exchange2,64bits,32,17,0.5,1.0
exchange2,64bits,32,18,0.0,0.0
exchange2,64bits,32,19,0.0,0.0
exchange2,64bits,32,20,0.5,1.0
exchange2,64bits,32,21,0.0,0.0
exchange2,64bits,32,22,0.5,1.0
exchange2,64bits,32,23,0.5,1.0
exchange2,64bits,32,24,0.0,0.0
exchange2,64bits,32,25,0.0,0.0
exchange2,64bits,32,26,0.5,1.0
exchange2,64bits,32,27,0.0,0.0
exchange2,64bits,32,28,0.0,0.0
exchange2,64bits,32,29,0.0,0.0
exchange2,64bits,32,30,0.0,0.0
exchange2,64bits,32,31,0.0,0.0
exchange2,64bits,32,32,0.0,0.0
exchange2,64bits,32,33,0.0,0.0
exchange2,64bits,32,34,0.0,0.0
exchange2,64bits,32,35,0.0,0.0
exchange2,64bits,32,36,0.0,0.0
exchange2,64bits,32,37,0.0,0.0
exchange2,64bits,32,38,0.0,0.0
exchange2,64bits,32,39,0.0,0.0
exchange2,64bits,32,40,0.0,0.0
exchange2,64bits,32,41,0.0,0.0
exchange2,64bits,32,42,0.0,0.0
exchange2,64bits,32,43,0.0,0.0
exchange2,64bits,32,44,0.0,0.0
exchange2,64bits,32,45,0.0,0.0
exchange2,64bits,32,46,0.0,0.0
exchange2,64bits,32,47,0.0,0.0
exchange2,64bits,32,48,0.0,0.0
exchange2,64bits,32,49,0.0,0.0
exchange2,64bits,32,50,0.0,0.0
exchange2,64bits,32,51,0.0,0.0
exchange2,64bits,32,52,0.0,0.0
exchange2,64bits,32,53,0.0,0.0
exchange2,64bits,32,54,0.0,0.0
exchange2,64bits,32,55,0.0,0.0
exchange2,64bits,32,56,0.0,0.0
exchange2,64bits,32,57,0.0,0.0
exchange2,64bits,32,58,0.0,0.0
exchange2,64bits,32,59,0.0,0.0
exchange2,64bits,32,60,0.0,0.0
exchange2,64bits,32,61,0.0,0.0
exchange2,64bits,32,62,0.0,0.0
exchange2,64bits,32,63,0.0,0.0
fotonik,32bits,22002158,0,0.4790277844564156,0.9987305354557097
fotonik,32bits,22002158,1,0.05000227704936943,0.28640662977788306
fotonik,32bits,22002158,2,0.03044251386613986,0.19660621179280924
fotonik,32bits,22002158,3,0.029081465554424254,0.18976432886541258
fotonik,32bits,22002158,4,0.017446879528817127,0.12685491948402938
fotonik,32bits,22002158,5,0.002754048034742774,0.0273888346166138
fotonik,32bits,22002158,6,0.00225150642041567,0.023046337303007827
fotonik,32bits,22002158,7,0.0021727414192735093,0.022351847908865338
fotonik,32bits,22002158,8,0.0018439100382789725,0.019406010181034532
fotonik,32bits,22002158,9,0.0018771795021197467,0.019707677441353193
fotonik,32bits,22002158,10,0.0017118775349218018,0.01820010721312085
fotonik,32bits,22002158,11,0.0017195585996609968,0.01827065391843649
fotonik,32bits,22002158,12,0.0021426989116249415,0.022085876425289343
fotonik,32bits,22002158,13,0.001013127894091116,0.01153844464689898
fotonik,32bits,22002158,14,0.0018250028019978768,0.019234185206254664
fotonik,32bits,22002158,15,0.0021107929504005927,0.021802740417348084
fotonik,32bits,22002158,16,0.002569157079955521,0.025808029099832028
fotonik,32bits,22002158,17,0.0023139093901607287,0.023593722795010093
fotonik,32bits,22002158,18,0.00032819507977353856,0.004271661473194972
fotonik,32bits,22002158,19,0.0003871438428903201,0.004946636926836849
fotonik,32bits,22002158,20,0.00024752117496838267,0.003322396759146431
fotonik,32bits,22002158,21,0.00038923454690217206,0.004970325427058152
fotonik,32bits,22002158,22,0.001209608621117983,0.01346665273193855
fotonik,32bits,22002158,23,0.0023934924928727445,0.02428828609968244
fotonik,32bits,22002158,24,0.0005296298663067505,0.006527709725146362
fotonik,32bits,22002158,25,0.002720551320465929,0.02710380821440281
fotonik,32bits,22002158,26,0.0003871438428903201,0.004946636926836849
fotonik,32bits,22002158,27,0.002722642024477781,0.02712161557518771
fotonik,32bits,22002158,28,0.00024752117496838267,0.003322396759146431
fotonik,32bits,22002158,29,0.00024752117496838267,0.003322396759146431
fotonik,32bits,22002158,30,0.00024752117496838267,0.003322396759146431
fotonik,32bits,22002158,31,0.00024752117496838267,0.003322396759146431
fotonik,32bits,22002158,32,0.00012344243687369212,0.0017808398373740566
fotonik,32bits,22002158,33,0.0,0.0
fotonik,32bits,22002158,34,0.0,0.0
fotonik,32bits,22002158,35,0.0,0.0
fotonik,32bits,22002158,36,0.0,0.0
fotonik,32bits,22002158,37,0.0,0.0
fotonik,32bits,22002158,38,0.0,0.0
fotonik,32bits,22002158,39,0.0,0.0
fotonik,32bits,22002158,40,0.0,0.0
fotonik,32bits,22002158,41,0.0,0.0
fotonik,32bits,22002158,42,0.0,0.0
fotonik,32bits,22002158,43,0.0,0.0
fotonik,32bits,22002158,44,0.0,0.0
fotonik,32bits,22002158,45,0.0,0.0
fotonik,32bits,22002158,46,0.0,0.0
fotonik,32bits,22002158,47,0.0,0.0
fotonik,32bits,22002158,48,0.0,0.0
fotonik,32bits,22002158,49,0.0,0.0
fotonik,32bits,22002158,50,0.0,0.0
fotonik,32bits,22002158,51,0.0,0.0
fotonik,32bits,22002158,52,0.0,0.0
fotonik,32bits,22002158,53,0.0,0.0
fotonik,32bits,22002158,54,0.0,0.0
fotonik,32bits,22002158,55,0.0,0.0
fotonik,32bits,22002158,56,0.0,0.0
fotonik,32bits,22002158,57,0.0,0.0
fotonik,32bits,22002158,58,0.0,0.0
fotonik,32bits,22002158,59,0.0,0.0
fotonik,32bits,22002158,60,0.0,0.0
fotonik,32bits,22002158,61,0.0,0.0
fotonik,32bits,22002158,62,0.0,0.0
fotonik,32bits,22002158,63,0.0,0.0
fotonik,64bits,295842288,0,0.0008360434259486257,0.0097534717982419
fotonik,64bits,295842288,1,0.0018515574757858822,0.01947542872620369
fotonik,64bits,295842288,2,0.0008352017612843773,0.009744866909183653
fotonik,64bits,295842288,3,0.0018063509568314318,0.019064403777122957
fotonik,64bits,295842288,4,0.0018685090753489575,0.019629142015014058
fotonik,64bits,295842288,5,0.0008203593936509847,0.0095929213085409
fotonik,64bits,295842288,6,0.0008330654879196986,0.00972302088565414
fotonik,64bits,295842288,7,0.001852689835876337,0.01948570368167183
fotonik,64bits,295842288,8,0.0060643865761341054,0.05338924752662479
fotonik,64bits,295842288,9,0.005025285634621647,0.04560769668463724
fotonik,64bits,295842288,10,0.0018578581301399346,0.019532587725678723
fotonik,64bits,295842288,11,0.0008748952076790321,0.01014936700810045
fotonik,64bits,295842288,12,0.006027630505615884,0.053118684089521834
fotonik,64bits,295842288,13,0.0018068748846344778,0.019069176700785905
fotonik,64bits,295842288,14,0.0018047048094760544,0.019049406129480938
fotonik,64bits,295842288,15,0.005075058775911035,0.0459870751939148
fotonik,64bits,295842288,16,0.0008614691352035514,0.010012844313792084
fotonik,64bits,295842288,17,0.0008330925293546945,0.009723297466983787
fotonik,64bits,295842288,18,0.005094944371171169,0.046138447967421545
fotonik,64bits,295842288,19,0.000819480547013617,0.009583912211261559
fotonik,64bits,295842288,20,0.006005662719861063,0.05295682282861638
fotonik,64bits,295842288,21,0.0008304255678282207,0.00969601352548558
fotonik,64bits,295842288,22,0.0008684559659706255,0.010083927143746
fotonik,64bits,295842288,23,0.005025231551751655,0.04560728406920986
fotonik,64bits,295842288,24,0.00504457631831187,0.045754817680816295
fotonik,64bits,295842288,25,0.0018524464629613734,0.0194834954174493
fotonik,64bits,295842288,26,0.001795186224357486,0.018962642002435363
fotonik,64bits,295842288,27,0.006010824253765912,0.052994864091421644
fotonik,64bits,295842288,28,0.005081427033852577,0.046035563810092744
fotonik,64bits,295842288,29,0.006105979683337225,0.053695026762986174
fotonik,64bits,295842288,30,0.005087964300762845,0.046085327241579946
fotonik,64bits,295842288,31,0.0008643558083893672,0.010042222718189
fotonik,64bits,295842288,32,0.006076169881433583,0.05347591653704018
fotonik,64bits,295842288,33,0.0009335785017995804,0.01074265275202074
fotonik,64bits,295842288,34,0.005123716458006842,0.04635726722188278
fotonik,64bits,295842288,35,0.005146705057932759,0.04653193309538186
fotonik,64bits,295842288,36,0.0018620225111293082,0.01957034967630919
fotonik,64bits,295842288,37,0.0018944789934831764,0.019864200939153056
fotonik,64bits,295842288,38,0.006122701430702835,0.053817843643336395
fotonik,64bits,295842288,39,0.005097648514670762,0.04615902369769551
fotonik,64bits,295842288,40,0.006066222013534454,0.05340274978830356
fotonik,64bits,295842288,41,0.0050881028881171984,0.046086382073848096
fotonik,64bits,295842288,42,0.0008735262350323629,0.010135460340970499
fotonik,64bits,295842288,43,0.006127589170078349,0.05385373028785286
fotonik,64bits,295842288,44,0.0008799113938707775,0.01020029738901687
fotonik,64bits,295842288,45,0.0008606815534092949,0.01000482647110943
fotonik,64bits,295842288,46,0.005131727483124387,0.04641815141028751
fotonik,64bits,295842288,47,0.0009193073844804769,0.010598875707295799
fotonik,64bits,295842288,48,0.0018651964995619558,0.01959912186157054
fotonik,64bits,295842288,49,0.005133971922229049,0.04643520600543068
fotonik,64bits,295842288,50,0.001796470692519793,0.01897435447881525
fotonik,64bits,295842288,51,0.004963904957360254,0.04513885868220556
fotonik,64bits,295842288,52,0.005128570395588612,0.04639415955511399
fotonik,64bits,295842288,53,0.005125551895407191,0.04637121824019386
fotonik,64bits,295842288,54,0.0009095352859088218,0.010500240636105084
fotonik,64bits,295842288,55,0.0009116107160447596,0.01052120169955788
fotonik,64bits,295842288,56,0.000935569427451156,0.010762685555168216
fotonik,64bits,295842288,57,0.0064389746742358886,0.05612850109165919
fotonik,64bits,295842288,58,0.0005164069039379522,0.006383577658297158
fotonik,64bits,295842288,59,0.001713037725019217,0.018210766161875
fotonik,64bits,295842288,60,0.0018085852553979707,0.019084756459012933
fotonik,64bits,295842288,61,0.0018085852553979707,0.019084756459012933
fotonik,64bits,295842288,62,0.005270913129227827,0.04747309870748574
fotonik,64bits,295842288,63,0.000671983039828302,0.008051363284595183
gcc,32bits,2157,0,0.06629578117756142,0.351945644876275
gcc,32bits,2157,1,0.03245248029670839,0.20654561344848218
gcc,32bits,2157,2,0.0315252665739453,0.20198424859753686
gcc,32bits,2157,3,0.36393138618451554,0.9458982212181243
gcc,32bits,2157,4,0.14464534075104313,0.5962764307786108
gcc,32bits,2157,5,0.22902178952248492,0.7763021615686323
gcc,32bits,2157,6,0.21557719054242003,0.7520089540826548
gcc,32bits,2157,7,0.19146963375057952,0.7045357163263369
gcc,32bits,2157,8,0.2123319425127492,0.7459165816869302
gcc,32bits,2157,9,0.19842373667130273,0.7187643444116381
gcc,32bits,2157,10,0.15948076031525266,0.6330659201851735
gcc,32bits,2157,11,0.16736207695873898,0.6516346054806353
gcc,32bits,2157,12,0.1502086230876217,0.6103621379178815
gcc,32bits,2157,13,0.22716736207695873,0.7730406027684205
gcc,32bits,2157,14,0.23783031988873435,0.7914135216244755
gcc,32bits,2157,15,0.12471024571163654,0.5427504459898986
gcc,32bits,2157,16,0.11080203987019008,0.5023304228052505
gcc,32bits,2157,17,0.06861381548446917,0.3607292593902788
gcc,32bits,2157,18,0.2777005099675475,0.8522986426066461
gcc,32bits,2157,19,0.14649976819656932,0.6010112088567255
gcc,32bits,2157,20,0.3472415391747798,0.9315803598730552
gcc,32bits,2157,21,0.008344923504867872,0.06960954739504302
gcc,32bits,2157,22,0.3815484469170144,0.9591283046990566
gcc,32bits,2157,23,0.3815484469170144,0.9591283046990566
gcc,32bits,2157,24,0.008344923504867872,0.06960954739504302
gcc,32bits,2157,25,0.008344923504867872,0.06960954739504302
gcc,32bits,2157,26,0.3815484469170144,0.9591283046990566
gcc,32bits,2157,27,0.008344923504867872,0.06960954739504302
gcc,32bits,2157,28,0.008344923504867872,0.06960954739504302
gcc,32bits,2157,29,0.008344923504867872,0.06960954739504302
gcc,32bits,2157,30,0.008344923504867872,0.06960954739504302
gcc,32bits,2157,31,0.008344923504867872,0.06960954739504302
gcc,32bits,2157,32,0.0,0.0
gcc,32bits,2157,33,0.0,0.0
gcc,32bits,2157,34,0.0,0.0
gcc,32bits,2157,35,0.0,0.0
gcc,32bits,2157,36,0.0,0.0
gcc,32bits,2157,37,0.0,0.0
gcc,32bits,2157,38,0.0,0.0
gcc,32bits,2157,39,0.0,0.0
gcc,32bits,2157,40,0.0,0.0
gcc,32bits,2157,41,0.0,0.0
gcc,32bits,2157,42,0.0,0.0
gcc,32bits,2157,43,0.0,0.0
gcc,32bits,2157,44,0.0,0.0
gcc,32bits,2157,45,0.0,0.0
gcc,32bits,2157,46,0.0,0.0
gcc,32bits,2157,47,0.0,0.0
gcc,32bits,2157,48,0.0,0.0
gcc,32bits,2157,49,0.0,0.0
gcc,32bits,2157,50,0.0,0.0
gcc,32bits,2157,51,0.0,0.0
gcc,32bits,2157,52,0.0,0.0
gcc,32bits,2157,53,0.0,0.0
gcc,32bits,2157,54,0.0,0.0
gcc,32bits,2157,55,0.0,0.0
gcc,32bits,2157,56,0.0,0.0
gcc,32bits,2157,57,0.0,0.0
gcc,32bits,2157,58,0.0,0.0
gcc,32bits,2157,59,0.0,0.0
gcc,32bits,2157,60,0.0,0.0
gcc,32bits,2157,61,0.0,0.0
gcc,32bits,2157,62,0.0,0.0
gcc,32bits,2157,63,0.0,0.0
gcc,64bits,12425,0,0.020040241448692153,0.14166642704050203
gcc,64bits,12425,1,0.011428571428571429,0.09012149251145249
gcc,64bits,12425,2,0.008853118712273641,0.07309036055630391
gcc,64bits,12425,3,0.1529175050301811,0.6170934598064205
gcc,64bits,12425,4,0.09319919517102615,0.44705911394383285
gcc,64bits,12425,5,0.13062374245472838,0.5591463230578353
gcc,64bits,12425,6,0.13175050301810864,0.5622194765307429
gcc,64bits,12425,7,0.13279678068410464,0.5650587792985855
gcc,64bits,12425,8,0.1269215291750503,0.5489346125009793
gcc,64bits,12425,9,0.13006036217303824,0.5576037052799441
gcc,64bits,12425,10,0.1323138832997988,0.5637500415227431
gcc,64bits,12425,11,0.12402414486921529,0.5408185768870482
gcc,64bits,12425,12,0.12,0.5293608652873644
gcc,64bits,12425,13,0.1339235412474849,0.5681011556331831
gcc,64bits,12425,14,0.11750503018108652,0.5221463725872116
gcc,64bits,12425,15,0.10430583501006037,0.48249802381582413
gcc,64bits,12425,16,0.140523138832998,0.5856072271298756
gcc,64bits,12425,17,0.12909456740442657,0.5549497936463372
gcc,64bits,12425,18,0.15661971830985916,0.6261611674278096
gcc,64bits,12425,19,0.14873239436619717,0.6066590091922583
gcc,64bits,12425,20,0.07050301810865191,0.367798018327094
gcc,64bits,12425,21,0.050945674044265594,0.29040061119558624
gcc,64bits,12425,22,0.19661971830985916,0.715115797225236
gcc,64bits,12425,23,0.24780684104627768,0.8077835087378633
gcc,64bits,12425,24,0.0,0.0
gcc,64bits,12425,25,0.0,0.0
gcc,64bits,12425,26,0.24346076458752516,0.800748198622613
gcc,64bits,12425,27,0.0,0.0
gcc,64bits,12425,28,0.0,0.0
gcc,64bits,12425,29,0.0,0.0
gcc,64bits,12425,30,0.0,0.0
gcc,64bits,12425,31,0.0,0.0
gcc,64bits,12425,32,0.0,0.0
gcc,64bits,12425,33,0.0,0.0
gcc,64bits,12425,34,0.0,0.0
gcc,64bits,12425,35,0.0,0.0
gcc,64bits,12425,36,0.0,0.0
gcc,64bits,12425,37,0.0,0.0
gcc,64bits,12425,38,0.0,0.0
gcc,64bits,12425,39,0.0,0.0
gcc,64bits,12425,40,0.0,0.0
gcc,64bits,12425,41,0.0,0.0
gcc,64bits,12425,42,0.0,0.0
gcc,64bits,12425,43,0.0,0.0
gcc,64bits,12425,44,0.0,0.0
gcc,64bits,12425,45,0.0,0.0
gcc,64bits,12425,46,0.0,0.0
gcc,64bits,12425,47,0.0,0.0
gcc,64bits,12425,48,0.0,0.0
gcc,64bits,12425,49,0.0,0.0
gcc,64bits,12425,50,0.0,0.0
gcc,64bits,12425,51,0.0,0.0
gcc,64bits,12425,52,0.0,0.0
gcc,64bits,12425,53,0.0,0.0
gcc,64bits,12425,54,0.0,0.0
gcc,64bits,12425,55,0.0,0.0
gcc,64bits,12425,56,0.0,0.0
gcc,64bits,12425,57,0.0,0.0
gcc,64bits,12425,58,0.0,0.0
gcc,64bits,12425,59,0.0,0.0
gcc,64bits,12425,60,0.0,0.0
gcc,64bits,12425,61,0.0,0.0
gcc,64bits,12425,62,0.0,0.0
gcc,64bits,12425,63,0.0,0.0
imagick,32bits,1087,0,0.005519779208831647,0.049346162317572384
imagick,32bits,1087,1,0.0027598896044158236,0.027438480473711953
imagick,32bits,1087,2,0.004599816007359705,0.04233477463627795
imagick,32bits,1087,3,0.0036798528058877645,0.03505491647181856
imagick,32bits,1087,4,0.0018399264029438822,0.019369831140420228
imagick,32bits,1087,5,0.0027598896044158236,0.027438480473711953
imagick,32bits,1087,6,0.0027598896044158236,0.027438480473711953
imagick,32bits,1087,7,0.0036798528058877645,0.03505491647181856
imagick,32bits,1087,8,0.0036798528058877645,0.03505491647181856
imagick,32bits,1087,9,0.005519779208831647,0.049346162317572384
imagick,32bits,1087,10,0.0036798528058877645,0.03505491647181856
imagick,32bits,1087,11,0.0027598896044158236,0.027438480473711953
imagick,32bits,1087,12,0.0018399264029438822,0.019369831140420228
imagick,32bits,1087,13,0.004599816007359705,0.04233477463627795
imagick,32bits,1087,14,0.004599816007359705,0.04233477463627795
imagick,32bits,1087,15,0.004599816007359705,0.04233477463627795
imagick,32bits,1087,16,0.0027598896044158236,0.027438480473711953
imagick,32bits,1087,17,0.0036798528058877645,0.03505491647181856
imagick,32bits,1087,18,0.0018399264029438822,0.019369831140420228
imagick,32bits,1087,19,0.004599816007359705,0.04233477463627795
imagick,32bits,1087,20,0.004599816007359705,0.04233477463627795
imagick,32bits,1087,21,0.004599816007359705,0.04233477463627795
imagick,32bits,1087,22,0.0018399264029438822,0.019369831140420228
imagick,32bits,1087,23,0.004599816007359705,0.04233477463627795
imagick,32bits,1087,24,0.0018399264029438822,0.019369831140420228
imagick,32bits,1087,25,0.0018399264029438822,0.019369831140420228
imagick,32bits,1087,26,0.004599816007359705,0.04233477463627795
imagick,32bits,1087,27,0.0018399264029438822,0.019369831140420228
imagick,32bits,1087,28,0.0018399264029438822,0.019369831140420228
imagick,32bits,1087,29,0.0018399264029438822,0.019369831140420228
imagick,32bits,1087,30,0.0018399264029438822,0.019369831140420228
imagick,32bits,1087,31,0.0018399264029438822,0.019369831140420228
imagick,32bits,1087,32,0.0009199632014719411,0.01060548983362318
imagick,32bits,1087,33,0.0009199632014719411,0.01060548983362318
imagick,32bits,1087,34,0.0009199632014719411,0.01060548983362318
imagick,32bits,1087,35,0.0009199632014719411,0.01060548983362318
imagick,32bits,1087,36,0.0009199632014719411,0.01060548983362318
imagick,32bits,1087,37,0.0009199632014719411,0.01060548983362318
imagick,32bits,1087,38,0.0009199632014719411,0.01060548983362318
imagick,32bits,1087,39,0.0009199632014719411,0.01060548983362318
imagick,32bits,1087,40,0.0009199632014719411,0.01060548983362318
imagick,32bits,1087,41,0.0009199632014719411,0.01060548983362318
imagick,32bits,1087,42,0.0009199632014719411,0.01060548983362318
imagick,32bits,1087,43,0.0009199632014719411,0.01060548983362318
imagick,32bits,1087,44,0.0009199632014719411,0.01060548983362318
imagick,32bits,1087,45,0.0009199632014719411,0.01060548983362318
imagick,32bits,1087,46,0.0009199632014719411,0.01060548983362318
imagick,32bits,1087,47,0.0009199632014719411,0.01060548983362318
imagick,32bits,1087,48,0.0009199632014719411,0.01060548983362318
imagick,32bits,1087,49,0.0009199632014719411,0.01060548983362318
imagick,32bits,1087,50,0.0009199632014719411,0.01060548983362318
imagick,32bits,1087,51,0.0009199632014719411,0.01060548983362318
imagick,32bits,1087,52,0.0009199632014719411,0.01060548983362318
imagick,32bits,1087,53,0.0009199632014719411,0.01060548983362318
imagick,32bits,1087,54,0.0009199632014719411,0.01060548983362318
imagick,32bits,1087,55,0.0009199632014719411,0.01060548983362318
imagick,32bits,1087,56,0.0009199632014719411,0.01060548983362318
imagick,32bits,1087,57,0.0009199632014719411,0.01060548983362318
imagick,32bits,1087,58,0.0009199632014719411,0.01060548983362318
imagick,32bits,1087,59,0.0009199632014719411,0.01060548983362318
imagick,32bits,1087,60,0.0009199632014719411,0.01060548983362318
imagick,32bits,1087,61,0.0009199632014719411,0.01060548983362318
imagick,32bits,1087,62,0.0009199632014719411,0.01060548983362318
imagick,32bits,1087,63,0.0009199632014719411,0.01060548983362318
imagick,64bits,1075203,0,0.9999972098292137,5.5507401389455374e-05
imagick,64bits,1075203,1,0.9999972098292137,5.5507401389455374e-05
imagick,64bits,1075203,2,0.9999972098292137,5.5507401389455374e-05
imagick,64bits,1075203,3,0.9999972098292137,5.5507401389455374e-05
imagick,64bits,1075203,4,0.9999972098292137,5.5507401389455374e-05
imagick,64bits,1075203,5,0.9999981398861424,3.809303236143511e-05
imagick,64bits,1075203,6,1.0,0.0
imagick,64bits,1075203,7,0.9999990699430712,1.9976573733472596e-05
imagick,64bits,1075203,8,0.9999972098292137,5.5507401389455374e-05
imagick,64bits,1075203,9,0.9999990699430712,1.9976573733472596e-05
imagick,64bits,1075203,10,0.9999981398861424,3.809303236143511e-05
imagick,64bits,1075203,11,1.0,0.0
imagick,64bits,1075203,12,0.9999990699430712,1.9976573733472596e-05
imagick,64bits,1075203,13,0.9999981398861424,3.809303236143511e-05
imagick,64bits,1075203,14,0.9999981398861424,3.809303236143511e-05
imagick,64bits,1075203,15,0.9999990699430712,1.9976573733472596e-05
imagick,64bits,1075203,16,0.4355270586112576,0.9879726652791135
imagick,64bits,1075203,17,0.42674732120353087,0.984461258804147
imagick,64bits,1075203,18,0.4283656202596161,0.9851425930993648
imagick,64bits,1075203,19,0.42782618724092103,0.9849171968115769
imagick,64bits,1075203,20,0.4321974548062087,0.9866943721655144
imagick,64bits,1075203,21,0.4220440233146671,0.9823933557573379
imagick,64bits,1075203,22,0.43805960362833807,0.9889013859868525
imagick,64bits,1075203,23,0.43573446130637655,0.9880501371414941
imagick,64bits,1075203,24,0.41934406805040536,0.9811471771902267
imagick,64bits,1075203,25,0.4248128027916589,0.9836265226428476
imagick,64bits,1075203,26,0.42169060168172895,0.9822326862694184
imagick,64bits,1075203,27,0.4237711390314201,0.9831678987971204
imagick,64bits,1075203,28,0.419306865773254,0.981129704794387
imagick,64bits,1075203,29,0.41361491736909217,0.9783596962804851
imagick,64bits,1075203,30,0.41798618493437983,0.9805041203959528
imagick,64bits,1075203,31,0.4116617978186445,0.9773648322598765
imagick,64bits,1075203,32,0.4355270586112576,0.9879726652791135
imagick,64bits,1075203,33,0.42674732120353087,0.984461258804147
imagick,64bits,1075203,34,0.4283656202596161,0.9851425930993648
imagick,64bits,1075203,35,0.42782618724092103,0.9849171968115769
imagick,64bits,1075203,36,0.4321974548062087,0.9866943721655144
imagick,64bits,1075203,37,0.42204123314388076,0.9823920902074004
imagick,64bits,1075203,38,0.43805681345755176,0.9889003834837589
imagick,64bits,1075203,39,0.4357316711355902,0.9880490965941426
imagick,64bits,1075203,40,0.41934406805040536,0.9811471771902267
imagick,64bits,1075203,41,0.4248128027916589,0.9836265226428476
imagick,64bits,1075203,42,0.4216878115109426,0.9822314148864342
imagick,64bits,1075203,43,0.4237711390314201,0.9831678987971204
imagick,64bits,1075203,44,0.419306865773254,0.981129704794387
imagick,64bits,1075203,45,0.41361491736909217,0.9783596962804851
imagick,64bits,1075203,46,0.41798618493437983,0.9805041203959528
imagick,64bits,1075203,47,0.4116617978186445,0.9773648322598765
imagick,64bits,1075203,48,0.0,0.0
imagick,64bits,1075203,49,0.0,0.0
imagick,64bits,1075203,50,0.0,0.0
imagick,64bits,1075203,51,0.0,0.0
imagick,64bits,1075203,52,0.0,0.0
imagick,64bits,1075203,53,0.0,0.0
imagick,64bits,1075203,54,0.0,0.0
imagick,64bits,1075203,55,0.0,0.0
imagick,64bits,1075203,56,0.0,0.0
imagick,64bits,1075203,57,0.0,0.0
imagick,64bits,1075203,58,0.0,0.0
imagick,64bits,1075203,59,0.0,0.0
imagick,64bits,1075203,60,0.0,0.0
imagick,64bits,1075203,61,0.0,0.0
imagick,64bits,1075203,62,0.0,0.0
imagick,64bits,1075203,63,0.0,0.0
lbm,64bits,556200048,0,0.08768206542837263,0.42868516072665364
lbm,64bits,556200048,1,0.059593725529487905,0.32583004575555086
lbm,64bits,556200048,2,0.5017580563027927,0.9999910819277087
lbm,64bits,556200048,3,0.462187180537604,0.9958705008504756
lbm,64bits,556200048,4,0.4983841641092415,0.9999924664479819
lbm,64bits,556200048,5,0.49481649631213265,0.9999224719005099
lbm,64bits,556200048,6,0.08465967626094129,0.4183887102926829
lbm,64bits,556200048,7,0.036078666429744714,0.22401464801472137
lbm,64bits,556200048,8,0.9572835186091174,0.2546114430429318
lbm,64bits,556200048,9,0.9087738805804634,0.4405492564969915
lbm,64bits,556200048,10,0.9573760608521199,0.2541961398160358
lbm,64bits,556200048,11,0.03604162400216118,0.22383904964310486
lbm,64bits,556200048,12,0.08457636091394224,0.4181024939865925
lbm,64bits,556200048,13,0.03608901702216322,0.2240637044696657
lbm,64bits,556200048,14,0.957346578654017,0.2543284803576528
lbm,64bits,556200048,15,0.9087845062537643,0.4405140165048981
lbm,64bits,556200048,16,0.9573128138241369,0.25448000717684593
lbm,64bits,556200048,17,0.036103594511016655,0.22413278669256592
lbm,64bits,556200048,18,0.08453393732896622,0.41795670497733545
lbm,64bits,556200048,19,0.03595324213276587,0.22341984812509197
lbm,64bits,556200048,20,0.9574389572868214,0.2539137057508666
lbm,64bits,556200048,21,0.9089168902768595,0.44007480074527117
lbm,64bits,556200048,22,0.9574697519623371,0.25377537236202075
lbm,64bits,556200048,23,0.0359395384302448,0.22335482139022614
lbm,64bits,556200048,24,0.08431337100495899,0.41719818589921703
lbm,64bits,556200048,25,0.0355672766860315,0.2215853660219239
lbm,64bits,556200048,26,0.9578738206077968,0.2519571259851982
lbm,64bits,556200048,27,0.9093767769685629,0.43854664043239877
lbm,64bits,556200048,28,0.9578891154644417,0.2518881871705258
lbm,64bits,556200048,29,0.03553788618155603,0.22144541795023764
lbm,64bits,556200048,30,0.08358736603345276,0.41469505023307485
lbm,64bits,556200048,31,0.034644612256487975,0.21717445359782997
lbm,64bits,556200048,32,0.9589268643860311,0.24719102529157327
lbm,64bits,556200048,33,0.9103528088872082,0.43529108937185723
lbm,64bits,556200048,34,0.9590830545918975,0.24648066944639407
lbm,64bits,556200048,35,0.034448805009811866,0.21623368040716556
lbm,64bits,556200048,36,0.08202178724011905,0.4092633246193151
lbm,64bits,556200048,37,0.032646545186921665,0.20749526651703554
lbm,64bits,556200048,38,0.9610965154033931,0.23724192034987424
lbm,64bits,556200048,39,0.9126051190128628,0.427713967492708
lbm,64bits,556200048,40,0.9614298181434173,0.2356976761017418
lbm,64bits,556200048,41,0.032011565018779,0.20438155461168378
lbm,64bits,556200048,42,0.07883093710196876,0.3980464696404325
lbm,64bits,556200048,43,0.028225894723403547,0.18541525103785142
lbm,64bits,556200048,44,0.9659605477056701,0.21426152604255744
lbm,64bits,556200048,45,0.9176404853528528,0.4104390041476589
lbm,64bits,556200048,46,0.9666053121232381,0.2111402753025018
lbm,64bits,556200048,47,0.02821033737127617,0.18533581614720102
lbm,64bits,556200048,48,0.05922277266685889,0.3243518594938192
lbm,64bits,556200048,49,0.0005829826897102318,0.0071045382290227665
lbm,64bits,556200048,50,0.9930525788088389,0.05979630558830869
lbm,64bits,556200048,51,0.941100242407746,0.3230617959399489
lbm,64bits,556200048,52,0.6796835084055944,0.9047252985759016
lbm,64bits,556200048,53,0.31370008080258205,0.8973984965279729
lbm,64bits,556200048,54,0.052283346800430335,0.29601838896416355
lbm,64bits,556200048,55,0.9933835892081764,0.057414878736104916
lbm,64bits,556200048,56,0.9933835892081764,0.057414878736104916
lbm,64bits,556200048,57,0.9933835892081764,0.057414878736104916
lbm,64bits,556200048,58,0.9933835892081764,0.057414878736104916
lbm,64bits,556200048,59,0.9933835892081764,0.057414878736104916
lbm,64bits,556200048,60,0.9933835892081764,0.057414878736104916
lbm,64bits,556200048,61,0.9933835892081764,0.057414878736104916
lbm,64bits,556200048,62,0.0,0.0
lbm,64bits,556200048,63,0.0,0.0
leela,32bits,889572,0,0.1950308687773446,0.7118778083722885
leela,32bits,889572,1,0.1585234247480811,0.6307653867556778
leela,32bits,889572,2,0.17820255133929574,0.6761290676604191
leela,32bits,889572,3,0.1618047780280854,0.6386097273909784
leela,32bits,889572,4,0.14278664346449754,0.5914905110127391
leela,32bits,889572,5,0.14756534603157473,0.6037138958255197
leela,32bits,889572,6,0.16187110205806837,0.6387670930484036
leela,32bits,889572,7,0.14866362700264846,0.606485902093615
leela,32bits,889572,8,0.1132758225303854,0.5097184369093066
leela,32bits,889572,9,0.13504921467851955,0.5711248276949393
leela,32bits,889572,10,0.11819391797403696,0.5241469589156076
leela,32bits,889572,11,0.1156286393906283,0.5166635982457564
leela,32bits,889572,12,0.12783788158799964,0.5514786098917913
leela,32bits,889572,13,0.08048140004406613,0.4038731659069193
leela,32bits,889572,14,0.10331710080802903,0.47942321684525435
leela,32bits,889572,15,0.12152248497030033,0.5337214249223982
leela,32bits,889572,16,0.10606786184816969,0.4879403058262973
leela,32bits,889572,17,0.11105677786620982,0.5030953134767686
leela,32bits,889572,18,0.1390961046435814,0.58186668733816
leela,32bits,889572,19,0.14481233671923127,0.5967044463798059
leela,32bits,889572,20,0.13414540925298907,0.5686983589915203
leela,32bits,889572,21,0.14864339255282316,0.6064349559397151
leela,32bits,889572,22,0.13349003790586933,0.5669325245642406
leela,32bits,889572,23,0.15566699491440827,0.6238421158739154
leela,32bits,889572,24,0.16580557841298962,0.6480191803300495
leela,32bits,889572,25,0.1337609547063082,0.5676631318326121
leela,32bits,889572,26,0.11808487677220056,0.5238307328314759
leela,32bits,889572,27,0.10492798784134393,0.4844250744478501
leela,32bits,889572,28,0.10076306358563444,0.4714097915916178
leela,32bits,889572,29,0.11315329169533214,0.5093545784473714
leela,32bits,889572,30,0.2193099602955129,0.7589055076521414
leela,32bits,889572,31,0.10283484642052583,0.477917966354125
leela,32bits,889572,32,0.07247755100205493,0.3751020988315219
leela,32bits,889572,33,0.09650933257791387,0.457831750816328
leela,32bits,889572,34,0.07665034421047424,0.39026507060516985
leela,32bits,889572,35,0.07883004411110062,0.3980433025224065
leela,32bits,889572,36,0.09749857234715122,0.46101572824117776
leela,32bits,889572,37,0.09061661113434326,0.4385246427609801
leela,32bits,889572,38,0.07279792979095565,0.376279280375272
leela,32bits,889572,39,0.09153727860139482,0.44158034401905827
leela,32bits,889572,40,0.08193715629538699,0.4089683695380151
leela,32bits,889572,41,0.07680547499246829,0.3908218245514922
leela,32bits,889572,42,0.1026066467919404,0.4772044249657846
leela,32bits,889572,43,0.10733026669004869,0.49181034300176696
leela,32bits,889572,44,0.0871812512084463,0.4269905521992324
leela,32bits,889572,45,0.0801048144500951,0.40254840278042525
leela,32bits,889572,46,0.08509260633203383,0.41987389317831764
leela,32bits,889572,47,0.07553407706177802,0.38624434215265413
leela,32bits,889572,48,0.0839010220645434,0.4157776936797866
leela,32bits,889572,49,0.08546244710939643,0.42113989429832954
leela,32bits,889572,50,0.0862718251024088,0.42390167912379545
leela,32bits,889572,51,0.08268807921112625,0.4115806968701011
leela,32bits,889572,52,0.07891885086311169,0.3983581906610137
leela,32bits,889572,53,0.09420935011443705,0.45036616127587276
leela,32bits,889572,54,0.08086810286294982,0.405230642687619
leela,32bits,889572,55,0.1006832499224346,0.47115771051599087
leela,32bits,889572,56,0.07630073788293697,0.3890085571093399
leela,32bits,889572,57,0.08942277859465002,0.43454018701180136
leela,32bits,889572,58,0.08342326422144582,0.4141278837147841
leela,32bits,889572,59,0.0965880221050123,0.4580856125563111
leela,32bits,889572,60,0.09899030095371707,0.4657867275652476
leela,32bits,889572,61,0.07910882986424933,0.3990312867431628
leela,32bits,889572,62,0.07160072484295818,0.3718690478908678
leela,32bits,889572,63,0.10493136024964815,0.4844355038846276
leela,64bits,937142,0,0.1364051552486176,0.5747462506180521
leela,64bits,937142,1,0.10533835854118159,0.48569289664377546
leela,64bits,937142,2,0.06624823132460182,0.3517641693947068
leela,64bits,937142,3,0.07237003570430095,0.3747065575451999
leela,64bits,937142,4,0.04902458752248859,0.2822389370645364
leela,64bits,937142,5,0.22901011799705914,0.7762817217758347
leela,64bits,937142,6,0.22947749647331994,0.777099349962878
leela,64bits,937142,7,0.2227965452407426,0.7652411362691987
leela,64bits,937142,8,0.2162319050901571,0.753227139651421
leela,64bits,937142,9,0.21453098890029473,0.7500547592754276
leela,64bits,937142,10,0.17078841840404121,0.659505172292706
leela,64bits,937142,11,0.16797347680500926,0.6530478897335354
leela,64bits,937142,12,0.17600641098147346,0.6712621628760311
leela,64bits,937142,13,0.16210136777564127,0.6393130767443563
leela,64bits,937142,14,0.17338887809958362,0.665398691617678
leela,64bits,937142,15,0.1645695102769911,0.6451300559124192
leela,64bits,937142,16,0.17854711452479988,0.6768883362452073
leela,64bits,937142,17,0.16835762349782638,0.6539338912533613
leela,64bits,937142,18,0.17160473012627755,0.6613625895708752
leela,64bits,937142,19,0.2264288656361576,0.7717338797700137
leela,64bits,937142,20,0.18012531718779012,0.6803511162559566
leela,64bits,937142,21,0.17043414978733212,0.6586969666858871
leela,64bits,937142,22,0.11886459042493026,0.5260883352816446
leela,64bits,937142,23,0.0015056416210136778,0.016286546906807725
leela,64bits,937142,24,0.3318846023334777,0.9168402851948623
leela,64bits,937142,25,0.0,0.0
leela,64bits,937142,26,0.33333262195056884,0.9182951226700824
leela,64bits,937142,27,0.0,0.0
leela,64bits,937142,28,0.0,0.0
leela,64bits,937142,29,0.0,0.0
leela,64bits,937142,30,0.0,0.0
leela,64bits,937142,31,0.0,0.0
leela,64bits,937142,32,0.003769972960341122,0.035781575900310135
leela,64bits,937142,33,0.003302594484080321,0.03197735307337218
leela,64bits,937142,34,0.003302594484080321,0.03197735307337218
leela,64bits,937142,35,0.003302594484080321,0.03197735307337218
leela,64bits,937142,36,0.003302594484080321,0.03197735307337218
leela,64bits,937142,37,0.0,0.0
leela,64bits,937142,38,0.0,0.0
leela,64bits,937142,39,0.0,0.0
leela,64bits,937142,40,0.0,0.0
leela,64bits,937142,41,0.0,0.0
leela,64bits,937142,42,0.0,0.0
leela,64bits,937142,43,0.0,0.0
leela,64bits,937142,44,0.0,0.0
leela,64bits,937142,45,0.0,0.0
leela,64bits,937142,46,0.0,0.0
leela,64bits,937142,47,0.0,0.0
leela,64bits,937142,48,0.0,0.0
leela,64bits,937142,49,0.0,0.0
leela,64bits,937142,50,0.0,0.0
leela,64bits,937142,51,0.0,0.0
leela,64bits,937142,52,0.0,0.0
leela,64bits,937142,53,0.0,0.0
leela,64bits,937142,54,0.0,0.0
leela,64bits,937142,55,0.0,0.0
leela,64bits,937142,56,0.0,0.0
leela,64bits,937142,57,0.0,0.0
leela,64bits,937142,58,0.0,0.0
leela,64bits,937142,59,0.0,0.0
leela,64bits,937142,60,0.0,0.0
leela,64bits,937142,61,0.0,0.0
leela,64bits,937142,62,0.0,0.0
leela,64bits,937142,63,0.0,0.0
mcf,32bits,10973422,0,0.2546614902807893,0.8185831570006166
mcf,32bits,10973422,1,0.2668819261666962,0.8369547275685526
mcf,32bits,10973422,2,0.24515260599656152,0.8035043945478126
mcf,32bits,10973422,3,0.4193418424990855,0.9811461321699368
mcf,32bits,10973422,4,0.42062849674422437,0.9817453935365226
mcf,32bits,10973422,5,0.42717431262554195,0.9846425295325014
mcf,32bits,10973422,6,0.4176824695158903,0.9803587929426132
mcf,32bits,10973422,7,0.389550497556733,0.964508856055005
mcf,32bits,10973422,8,0.4819319807440195,0.999057849720882
mcf,32bits,10973422,9,0.42939048548392655,0.9855660996779894
mcf,32bits,10973422,10,0.3669421443921504,0.9482952209450037
mcf,32bits,10973422,11,0.40372629431366075,0.9730886458556736
mcf,32bits,10973422,12,0.3788440834591069,0.9572215418995209
mcf,32bits,10973422,13,0.40415560433199416,0.9733296222459266
mcf,32bits,10973422,14,0.43351271827511967,0.9872071059662957
mcf,32bits,10973422,15,0.37505729753216455,0.9544762191307332
mcf,32bits,10973422,16,0.39670970459351695,0.9689933260834427
mcf,32bits,10973422,17,0.43535735707603335,0.9879090882924555
mcf,32bits,10973422,18,0.4889915834823449,0.9996503050720017
mcf,32bits,10973422,19,0.3768919121127393,0.9558172681489603
mcf,32bits,10973422,20,0.3365581857692158,0.9214869825263514
mcf,32bits,10973422,21,0.38411490964258915,0.9608964832087032
mcf,32bits,10973422,22,0.3947182565292759,0.9677770005914285
mcf,32bits,10973422,23,0.3876065278451881,0.9632375736865229
mcf,32bits,10973422,24,0.38204900896001265,0.9594763276628815
mcf,32bits,10973422,25,0.36816364120508627,0.9492516448788438
mcf,32bits,10973422,26,0.5127883535327449,0.9995280661135553
mcf,32bits,10973422,27,0.5205332484251495,0.9987831361405737
mcf,32bits,10973422,28,0.5767833406935412,0.982921158238133
mcf,32bits,10973422,29,0.40273827070534607,0.9725298606606361
mcf,32bits,10973422,30,0.3714524056397357,0.951780763852917
mcf,32bits,10973422,31,0.3714524056397357,0.951780763852917
mcf,32bits,10973422,32,0.3709069969240224,0.9513659641306561
mcf,32bits,10973422,33,0.3709069969240224,0.9513659641306561
mcf,32bits,10973422,34,0.3709069969240224,0.9513659641306561
mcf,32bits,10973422,35,0.3709069969240224,0.9513659641306561
mcf,32bits,10973422,36,0.3709069969240224,0.9513659641306561
mcf,32bits,10973422,37,0.3709069969240224,0.9513659641306561
mcf,32bits,10973422,38,0.3709069969240224,0.9513659641306561
mcf,32bits,10973422,39,0.3709069969240224,0.9513659641306561
mcf,32bits,10973422,40,0.3709069969240224,0.9513659641306561
mcf,32bits,10973422,41,0.3709069969240224,0.9513659641306561
mcf,32bits,10973422,42,0.3709069969240224,0.9513659641306561
mcf,32bits,10973422,43,0.3709069969240224,0.9513659641306561
mcf,32bits,10973422,44,0.3709069969240224,0.9513659641306561
mcf,32bits,10973422,45,0.3709069969240224,0.9513659641306561
mcf,32bits,10973422,46,0.3709069969240224,0.9513659641306561
mcf,32bits,10973422,47,0.3709069969240224,0.9513659641306561
mcf,32bits,10973422,48,0.3709069969240224,0.9513659641306561
mcf,32bits,10973422,49,0.3709069969240224,0.9513659641306561
mcf,32bits,10973422,50,0.3709069969240224,0.9513659641306561
mcf,32bits,10973422,51,0.3709069969240224,0.9513659641306561
mcf,32bits,10973422,52,0.3709069969240224,0.9513659641306561
mcf,32bits,10973422,53,0.3709069969240224,0.9513659641306561
mcf,32bits,10973422,54,0.3709069969240224,0.9513659641306561
mcf,32bits,10973422,55,0.3709069969240224,0.9513659641306561
mcf,32bits,10973422,56,0.3709069969240224,0.9513659641306561
mcf,32bits,10973422,57,0.3709069969240224,0.9513659641306561
mcf,32bits,10973422,58,0.3709069969240224,0.9513659641306561
mcf,32bits,10973422,59,0.3709069969240224,0.9513659641306561
mcf,32bits,10973422,60,0.3709069969240224,0.9513659641306561
mcf,32bits,10973422,61,0.3709069969240224,0.9513659641306561
mcf,32bits,10973422,62,0.3709069969240224,0.9513659641306561
mcf,32bits,10973422,63,0.3709069969240224,0.9513659641306561
mcf,64bits,556881961,0,0.22526807615519082,0.7696708524015357
mcf,64bits,556881961,1,0.3016519204506967,0.8833008305287211
mcf,64bits,556881961,2,0.29818007338901753,0.8790548443974909
mcf,64bits,556881961,3,0.46794652772026135,0.9970334439544654
mcf,64bits,556881961,4,0.46164769556972596,0.9957517102724014
mcf,64bits,556881961,5,0.380359891025452,0.9582958055141148
mcf,64bits,556881961,6,0.37070811672421905,0.9512142522067569
mcf,64bits,556881961,7,0.3656028912022884,0.947235944447754
mcf,64bits,556881961,8,0.35449560737342684,0.9380190567208997
mcf,64bits,556881961,9,0.35901612191025883,0.9418634647289458
mcf,64bits,556881961,10,0.3799192536602923,0.9579849736430484
mcf,64bits,556881961,11,0.3620900049229643,0.9444043856855497
mcf,64bits,556881961,12,0.36064635069046524,0.9432184011737199
mcf,64bits,556881961,13,0.3652517755014873,0.9469563858218695
mcf,64bits,556881961,14,0.34409723499734624,0.9286856175074332
mcf,64bits,556881961,15,0.3626608673718558,0.9448697653956936
mcf,64bits,556881961,16,0.36490075856488374,0.9466761390040948
mcf,64bits,556881961,17,0.34308426988174606,0.9277396045890591
mcf,64bits,556881961,18,0.345444619277226,0.9299337829843004
mcf,64bits,556881961,19,0.3709756922796068,0.951418310229885
mcf,64bits,556881961,20,0.3584513235830959,0.9413901579295592
mcf,64bits,556881961,21,0.40851580574002466,0.9757145603512247
mcf,64bits,556881961,22,0.28764098358000145,0.8656544211987527
mcf,64bits,556881961,23,0.4068373979885479,0.9748099649443016
mcf,64bits,556881961,24,0.32471163848670614,0.9094317869094344
mcf,64bits,556881961,25,0.24140515300333099,0.7973692015705587
mcf,64bits,556881961,26,0.3790781597969556,0.9573883525989872
mcf,64bits,556881961,27,0.27628625772634785,0.8503410931066073
mcf,64bits,556881961,28,0.20991543843525576,0.7413210725067829
mcf,64bits,556881961,29,0.21895509199300495,0.7582549367403508
mcf,64bits,556881961,30,0.14964829683179484,0.6089594671463024
mcf,64bits,556881961,31,0.14964829683179484,0.6089594671463024
mcf,64bits,556881961,32,0.1465336888511639,0.6010974452516209
mcf,64bits,556881961,33,0.1465336888511639,0.6010974452516209
mcf,64bits,556881961,34,0.1465336888511639,0.6010974452516209
mcf,64bits,556881961,35,0.1465336888511639,0.6010974452516209
mcf,64bits,556881961,36,0.1465336888511639,0.6010974452516209
mcf,64bits,556881961,37,0.1465336888511639,0.6010974452516209
mcf,64bits,556881961,38,0.1465336888511639,0.6010974452516209
mcf,64bits,556881961,39,0.1465336888511639,0.6010974452516209
mcf,64bits,556881961,40,0.1465336888511639,0.6010974452516209
mcf,64bits,556881961,41,0.1465336888511639,0.6010974452516209
mcf,64bits,556881961,42,0.1465336888511639,0.6010974452516209
mcf,64bits,556881961,43,0.1465336888511639,0.6010974452516209
mcf,64bits,556881961,44,0.1465336888511639,0.6010974452516209
mcf,64bits,556881961,45,0.1465336888511639,0.6010974452516209
mcf,64bits,556881961,46,0.1465336888511639,0.6010974452516209
mcf,64bits,556881961,47,0.1465336888511639,0.6010974452516209
mcf,64bits,556881961,48,0.1465336888511639,0.6010974452516209
mcf,64bits,556881961,49,0.1465336888511639,0.6010974452516209
mcf,64bits,556881961,50,0.1465336888511639,0.6010974452516209
mcf,64bits,556881961,51,0.1465336888511639,0.6010974452516209
mcf,64bits,556881961,52,0.1465336888511639,0.6010974452516209
mcf,64bits,556881961,53,0.1465336888511639,0.6010974452516209
mcf,64bits,556881961,54,0.1465336888511639,0.6010974452516209
mcf,64bits,556881961,55,0.1465336888511639,0.6010974452516209
mcf,64bits,556881961,56,0.1465336888511639,0.6010974452516209
mcf,64bits,556881961,57,0.1465336888511639,0.6010974452516209
mcf,64bits,556881961,58,0.1465336888511639,0.6010974452516209
mcf,64bits,556881961,59,0.1465336888511639,0.6010974452516209
mcf,64bits,556881961,60,0.1465336888511639,0.6010974452516209
mcf,64bits,556881961,61,0.1465336888511639,0.6010974452516209
mcf,64bits,556881961,62,0.1465336888511639,0.6010974452516209
mcf,64bits,556881961,63,0.1465336888511639,0.6010974452516209
nab,32bits,2958,0,0.41311697092630156,0.9781082127440631
nab,32bits,2958,1,0.3522650439486139,0.9360746804646096
nab,32bits,2958,2,0.3424611223799865,0.9271543816157628
nab,32bits,2958,3,0.3451656524678837,0.929676310317209
nab,32bits,2958,4,0.35936443542934415,0.9421543579870546
nab,32bits,2958,5,0.36375929682217717,0.9457595082058852
nab,32bits,2958,6,0.35294117647058826,0.9366673818775626
nab,32bits,2958,7,0.035496957403651115,0.22125046777601534
nab,32bits,2958,8,0.03887762001352265,0.23712223951495226
nab,32bits,2958,9,0.034482758620689655,0.21639693245126462
nab,32bits,2958,10,0.036511156186612576,0.2260606537112605
nab,32bits,2958,11,0.02738336713995943,0.18109485020062852
nab,32bits,2958,12,0.0290736984448952,0.18972501659731517
nab,32bits,2958,13,0.03313049357674104,0.2098559857510824
nab,32bits,2958,14,0.025693035835023664,0.17230981702965092
nab,32bits,2958,15,0.028397565922920892,0.18629094993483483
nab,32bits,2958,16,0.0392156862745098,0.23868451135100135
nab,32bits,2958,17,0.0392156862745098,0.23868451135100135
nab,32bits,2958,18,0.04056795131845842,0.24489019238748327
nab,32bits,2958,19,0.04192021636240703,0.2510280814812053
nab,32bits,2958,20,0.02805949966193374,0.18456498656857184
nab,32bits,2958,21,0.022650439486139283,0.15607395346052116
nab,32bits,2958,22,0.03955375253549696,0.24024240698218308
nab,32bits,2958,23,0.03887762001352265,0.23712223951495226
nab,32bits,2958,24,0.027721433400946585,0.18283297719301517
nab,32bits,2958,25,0.02332657200811359,0.15973145373839573
nab,32bits,2958,26,0.042258282623394185,0.25255220975224074
nab,32bits,2958,27,0.023664638269100743,0.16154929557225986
nab,32bits,2958,28,0.022650439486139283,0.15607395346052116
nab,32bits,2958,29,0.025016903313049357,0.16875026385124006
nab,32bits,2958,30,0.02434077079107505,0.16516366740824823
nab,32bits,2958,31,0.02129817444219067,0.14866866557836153
nab,32bits,2958,32,0.02636916835699797,0.1758430204997714
nab,32bits,2958,33,0.024002704530087897,0.1633600007670487
nab,32bits,2958,34,0.022988505747126436,0.15790637433488172
nab,32bits,2958,35,0.022988505747126436,0.15790637433488172
nab,32bits,2958,36,0.023664638269100743,0.16154929557225986
nab,32bits,2958,37,0.024002704530087897,0.1633600007670487
nab,32bits,2958,38,0.02332657200811359,0.15973145373839573
nab,32bits,2958,39,0.021974306964164976,0.152386656035112
nab,32bits,2958,40,0.022650439486139283,0.15607395346052116
nab,32bits,2958,41,0.02434077079107505,0.16516366740824823
nab,32bits,2958,42,0.02231237322515213,0.1542340841104637
nab,32bits,2958,43,0.022988505747126436,0.15790637433488172
nab,32bits,2958,44,0.027045300878972278,0.17935053221415684
nab,32bits,2958,45,0.02535496957403651,0.17053337663354814
nab,32bits,2958,46,0.02028397565922921,0.14303202922466196
nab,32bits,2958,47,0.026031102096010818,0.17407967055441115
nab,32bits,2958,48,0.023664638269100743,0.16154929557225986
nab,32bits,2958,49,0.02129817444219067,0.14866866557836153
nab,32bits,2958,50,0.01757944557133198,0.1276251189096243
nab,32bits,2958,51,0.020960108181203516,0.14679786507846293
nab,32bits,2958,52,0.04158215010141988,0.24949984779088058
nab,32bits,2958,53,0.03583502366463827,0.22285862104711784
nab,32bits,2958,54,0.035496957403651115,0.22125046777601534
nab,32bits,2958,55,0.03820148749154834,0.23398442057787522
nab,32bits,2958,56,0.038539553752535496,0.23555555497182035
nab,32bits,2958,57,0.038539553752535496,0.23555555497182035
nab,32bits,2958,58,0.038539553752535496,0.23555555497182035
nab,32bits,2958,59,0.038539553752535496,0.23555555497182035
nab,32bits,2958,60,0.038539553752535496,0.23555555497182035
nab,32bits,2958,61,0.038539553752535496,0.23555555497182035
nab,32bits,2958,62,0.018255578093306288,0.13153079002114765
nab,32bits,2958,63,0.011494252873563218,0.09054385326964295
nab,64bits,7,0,0.0,0.0
nab,64bits,7,1,0.0,0.0
nab,64bits,7,2,0.0,0.0
nab,64bits,7,3,0.0,0.0
nab,64bits,7,4,0.0,0.0
nab,64bits,7,5,0.2857142857142857,0.863120568566631
nab,64bits,7,6,0.5714285714285714,0.9852281360342515
nab,64bits,7,7,0.5714285714285714,0.9852281360342515
nab,64bits,7,8,0.5714285714285714,0.9852281360342515
nab,64bits,7,9,0.14285714285714285,0.5916727785823275
nab,64bits,7,10,0.8571428571428571,0.5916727785823275
nab,64bits,7,11,0.42857142857142855,0.9852281360342515
nab,64bits,7,12,0.42857142857142855,0.9852281360342515
nab,64bits,7,13,0.5714285714285714,0.9852281360342515
nab,64bits,7,14,0.7142857142857143,0.863120568566631
nab,64bits,7,15,0.14285714285714285,0.5916727785823275
nab,64bits,7,16,0.8571428571428571,0.5916727785823275
nab,64bits,7,17,1.0,0.0
nab,64bits,7,18,1.0,0.0
nab,64bits,7,19,1.0,0.0
nab,64bits,7,20,0.0,0.0
nab,64bits,7,21,0.0,0.0
nab,64bits,7,22,1.0,0.0
nab,64bits,7,23,1.0,0.0
nab,64bits,7,24,0.0,0.0
nab,64bits,7,25,0.0,0.0
nab,64bits,7,26,1.0,0.0
nab,64bits,7,27,0.0,0.0
nab,64bits,7,28,0.0,0.0
nab,64bits,7,29,0.0,0.0
nab,64bits,7,30,0.0,0.0
nab,64bits,7,31,0.0,0.0
nab,64bits,7,32,0.0,0.0
nab,64bits,7,33,0.0,0.0
nab,64bits,7,34,0.0,0.0
nab,64bits,7,35,0.0,0.0
nab,64bits,7,36,0.0,0.0
nab,64bits,7,37,0.0,0.0
nab,64bits,7,38,0.0,0.0
nab,64bits,7,39,0.0,0.0
nab,64bits,7,40,0.0,0.0
nab,64bits,7,41,0.0,0.0
nab,64bits,7,42,0.0,0.0
nab,64bits,7,43,0.0,0.0
nab,64bits,7,44,0.0,0.0
nab,64bits,7,45,0.0,0.0
nab,64bits,7,46,0.0,0.0
nab,64bits,7,47,0.0,0.0
nab,64bits,7,48,0.0,0.0
nab,64bits,7,49,0.0,0.0
nab,64bits,7,50,0.0,0.0
nab,64bits,7,51,0.0,0.0
nab,64bits,7,52,0.0,0.0
nab,64bits,7,53,0.0,0.0
nab,64bits,7,54,0.0,0.0
nab,64bits,7,55,0.0,0.0
nab,64bits,7,56,0.0,0.0
nab,64bits,7,57,0.0,0.0
nab,64bits,7,58,0.0,0.0
nab,64bits,7,59,0.0,0.0
nab,64bits,7,60,0.0,0.0
nab,64bits,7,61,0.0,0.0
nab,64bits,7,62,0.0,0.0
nab,64bits,7,63,0.0,0.0
namd,32bits,12829728,0,0.501842907347685,0.999990200305859
namd,32bits,12829728,1,0.5021087742468118,0.9999871688376372
namd,32bits,12829728,2,0.49792552110224003,0.9999875827957911
namd,32bits,12829728,3,0.49968385923692227,0.9999997116197208
namd,32bits,12829728,4,0.5016761851849081,0.9999918932021497
namd,32bits,12829728,5,0.500687543804514,0.9999986360281182
namd,32bits,12829728,6,0.4965691400472403,0.9999660363838585
namd,32bits,12829728,7,0.4924231441227749,0.9998343470363229
namd,32bits,12829728,8,0.48727782849332424,0.9995329386851406
namd,32bits,12829728,9,0.4794721291051533,0.9987837736145191
namd,32bits,12829728,10,0.4684288708225147,0.9971221131498059
namd,32bits,12829728,11,0.42321777983134173,0.9829216586978995
namd,32bits,12829728,12,0.38857082550775823,0.9638710559968227
namd,32bits,12829728,13,0.3255500038660212,0.9103150784868715
namd,32bits,12829728,14,0.2235093370646673,0.7665238752511805
namd,32bits,12829728,15,0.22442299634099802,0.7681619198375583
namd,32bits,12829728,16,0.09515213416839391,0.4534370819878796
namd,32bits,12829728,17,0.016175479324269385,0.11939139403272489
namd,32bits,12829728,18,0.012974008490281321,0.09991968233727126
namd,32bits,12829728,19,0.00944992754328073,0.07712405088256426
namd,32bits,12829728,20,0.009313603530799717,0.07620763470974341
namd,32bits,12829728,21,0.009105960781085928,0.0748061916366928
namd,32bits,12829728,22,0.00907836861389423,0.0746194482960302
namd,32bits,12829728,23,0.009257639756665145,0.07583058834762316
namd,32bits,12829728,24,0.013924379378892522,0.10580922762954871
namd,32bits,12829728,25,0.007864157369509314,0.06627518162392147
namd,32bits,12829728,26,0.01551007160868882,0.11542749517091491
namd,32bits,12829728,27,0.008006872787949986,0.06726933518265639
namd,32bits,12829728,28,0.007188305161262966,0.06151485542322776
namd,32bits,12829728,29,0.007188305161262966,0.06151485542322776
namd,32bits,12829728,30,0.007188305161262966,0.06151485542322776
namd,32bits,12829728,31,0.007188305161262966,0.06151485542322776
namd,32bits,12829728,32,0.007188305161262966,0.06151485542322776
namd,32bits,12829728,33,0.007188305161262966,0.06151485542322776
namd,32bits,12829728,34,0.007188305161262966,0.06151485542322776
namd,32bits,12829728,35,0.007188305161262966,0.06151485542322776
namd,32bits,12829728,36,0.007188305161262966,0.06151485542322776
namd,32bits,12829728,37,0.007188305161262966,0.06151485542322776
namd,32bits,12829728,38,0.007188305161262966,0.06151485542322776
namd,32bits,12829728,39,0.007188305161262966,0.06151485542322776
namd,32bits,12829728,40,0.007188305161262966,0.06151485542322776
namd,32bits,12829728,41,0.007188305161262966,0.06151485542322776
namd,32bits,12829728,42,0.007188305161262966,0.06151485542322776
namd,32bits,12829728,43,0.007188305161262966,0.06151485542322776
namd,32bits,12829728,44,0.007188305161262966,0.06151485542322776
namd,32bits,12829728,45,0.007188305161262966,0.06151485542322776
namd,32bits,12829728,46,0.007188305161262966,0.06151485542322776
namd,32bits,12829728,47,0.007188305161262966,0.06151485542322776
namd,32bits,12829728,48,0.007188305161262966,0.06151485542322776
namd,32bits,12829728,49,0.007188305161262966,0.06151485542322776
namd,32bits,12829728,50,0.007188305161262966,0.06151485542322776
namd,32bits,12829728,51,0.007188305161262966,0.06151485542322776
namd,32bits,12829728,52,0.007188305161262966,0.06151485542322776
namd,32bits,12829728,53,0.007188305161262966,0.06151485542322776
namd,32bits,12829728,54,0.007188305161262966,0.06151485542322776
namd,32bits,12829728,55,0.007188305161262966,0.06151485542322776
namd,32bits,12829728,56,0.007188305161262966,0.06151485542322776
namd,32bits,12829728,57,0.007188305161262966,0.06151485542322776
namd,32bits,12829728,58,0.007188305161262966,0.06151485542322776
namd,32bits,12829728,59,0.007188305161262966,0.06151485542322776
namd,32bits,12829728,60,0.007188305161262966,0.06151485542322776
namd,32bits,12829728,61,0.007188305161262966,0.06151485542322776
namd,32bits,12829728,62,0.007188305161262966,0.06151485542322776
namd,32bits,12829728,63,0.007188305161262966,0.06151485542322776
namd,64bits,1103192824,0,0.4097149593134047,0.9763505541460709
namd,64bits,1103192824,1,0.481231715299845,0.9989833868290448
namd,64bits,1103192824,2,0.48780812954236547,0.9995710681872474
namd,64bits,1103192824,3,0.491197355721741,0.9997764095368609
namd,64bits,1103192824,4,0.49295678703580836,0.9998568601562839
namd,64bits,1103192824,5,0.4939184321597799,0.9998932798677211
namd,64bits,1103192824,6,0.4942842023055074,0.9999057312622617
namd,64bits,1103192824,7,0.49452198938523917,0.9999134117500296
namd,64bits,1103192824,8,0.4947008520425256,0.9999189739334435
namd,64bits,1103192824,9,0.49477710888373216,0.9999212891908669
namd,64bits,1103192824,10,0.4947549124014244,0.9999206187393428
namd,64bits,1103192824,11,0.4948059642200863,0.9999221565241287
namd,64bits,1103192824,12,0.4947620281112343,0.999920833981196
namd,64bits,1103192824,13,0.49479604029766605,0.9999218587731675
namd,64bits,1103192824,14,0.4948255836370451,0.9999227434998292
namd,64bits,1103192824,15,0.4948113286494692,0.9999223172383387
namd,64bits,1103192824,16,0.4947853685458708,0.9999215379505626
namd,64bits,1103192824,17,0.4948012025865027,0.9999220137300822
namd,64bits,1103192824,18,0.4948247478810649,0.9999227185408988
namd,64bits,1103192824,19,0.4947781948226306,0.9999213219190228
namd,64bits,1103192824,20,0.494788757799244,0.9999216399121917
namd,64bits,1103192824,21,0.4948209761016357,0.9999226058507165
namd,64bits,1103192824,22,0.49478794833059936,0.999921615566323
namd,64bits,1103192824,23,0.4947862668475806,0.9999215649813509
namd,64bits,1103192824,24,0.49478619070495333,0.9999215626903246
namd,64bits,1103192824,25,0.49481281524362053,0.9999223617461748
namd,64bits,1103192824,26,0.49474976461594533,0.9999204628427116
namd,64bits,1103192824,27,0.49482349243417484,0.9999226810407857
namd,64bits,1103192824,28,0.49480192503500187,0.9999220354036191
namd,64bits,1103192824,29,0.49482772650812673,0.9999228074758919
namd,64bits,1103192824,30,0.49483290692616033,0.9999229620293585
namd,64bits,1103192824,31,0.49487277665613244,0.9999241463265084
namd,64bits,1103192824,32,0.49482484940456795,0.9999227215730013
namd,64bits,1103192824,33,0.4947740767755393,0.9999211977727973
namd,64bits,1103192824,34,0.4948065842386226,0.9999221751078995
namd,64bits,1103192824,35,0.4948004221245732,0.999921990312751
namd,64bits,1103192824,36,0.4991524101864535,0.9999979271102696
namd,64bits,1103192824,37,0.49905553410307535,0.9999974261848394
namd,64bits,1103192824,38,0.4991350025315248,0.9999978410905658
namd,64bits,1103192824,39,0.4991094593994567,0.9999977117039418
namd,64bits,1103192824,40,0.49914452307931256,0.9999978883528939
namd,64bits,1103192824,41,0.49464719596471923,0.9999173247495489
namd,64bits,1103192824,42,0.494545632577465,0.9999141575847408
namd,64bits,1103192824,43,0.49874642948185094,0.9999954657806183
namd,64bits,1103192824,44,0.4940996760870881,0.999899546210963
namd,64bits,1103192824,45,0.4978903153198901,0.9999871577558687
namd,64bits,1103192824,46,0.4958453237727007,0.9999501937433231
namd,64bits,1103192824,47,0.48957457141690036,0.9996863654901194
namd,64bits,1103192824,48,0.481906906421284,0.9990552323519749
namd,64bits,1103192824,49,0.470438147991434,0.9974769775606657
namd,64bits,1103192824,50,0.45562932160624714,0.9943118883447176
namd,64bits,1103192824,51,0.39252031429094936,0.9664067505444924
namd,64bits,1103192824,52,0.492176164662942,0.9998233711416138
namd,64bits,1103192824,53,0.5317237913795567,0.9970941950476118
namd,64bits,1103192824,54,0.5695165625914187,0.9860109272728227
namd,64bits,1103192824,55,0.41391763258967684,0.9785118590898614
namd,64bits,1103192824,56,0.429454158595941,0.9855922073171243
namd,64bits,1103192824,57,0.42999309339234787,0.9858122286374029
namd,64bits,1103192824,58,0.4299970972254983,0.9858138568126863
namd,64bits,1103192824,59,0.429997122606374,0.9858138671336232
namd,64bits,1103192824,60,0.429997122606374,0.9858138671336232
namd,64bits,1103192824,61,0.429997122606374,0.9858138671336232
namd,64bits,1103192824,62,0.5639153985287344,0.9881803535077383
namd,64bits,1103192824,63,0.3785459802809595,0.9570086171973828
omnetpp,32bits,70,0,0.4,0.9709505944546686
omnetpp,32bits,70,1,0.14285714285714285,0.5916727785823275
omnetpp,32bits,70,2,0.11428571428571428,0.512709142030877
omnetpp,32bits,70,3,0.18571428571428572,0.692419486327474
omnetpp,32bits,70,4,0.2714285714285714,0.8435070855739037
omnetpp,32bits,70,5,0.24285714285714285,0.7997594113291762
omnetpp,32bits,70,6,0.21428571428571427,0.74959525725948
omnetpp,32bits,70,7,0.21428571428571427,0.74959525725948
omnetpp,32bits,70,8,0.2,0.7219280948873623
omnetpp,32bits,70,9,0.17142857142857143,0.6609623351442084
omnetpp,32bits,70,10,0.05714285714285714,0.31599713297842463
omnetpp,32bits,70,11,0.14285714285714285,0.5916727785823275
omnetpp,32bits,70,12,0.1,0.4689955935892812
omnetpp,32bits,70,13,0.07142857142857142,0.37123232664087563
omnetpp,32bits,70,14,0.11428571428571428,0.512709142030877
omnetpp,32bits,70,15,0.12857142857142856,0.5535072654547253
omnetpp,32bits,70,16,0.11428571428571428,0.512709142030877
omnetpp,32bits,70,17,0.11428571428571428,0.512709142030877
omnetpp,32bits,70,18,0.1,0.4689955935892812
omnetpp,32bits,70,19,0.1,0.4689955935892812
omnetpp,32bits,70,20,0.11428571428571428,0.512709142030877
omnetpp,32bits,70,21,0.08571428571428572,0.4220005168831531
omnetpp,32bits,70,22,0.14285714285714285,0.5916727785823275
omnetpp,32bits,70,23,0.11428571428571428,0.512709142030877
omnetpp,32bits,70,24,0.1,0.4689955935892812
omnetpp,32bits,70,25,0.07142857142857142,0.37123232664087563
omnetpp,32bits,70,26,0.18571428571428572,0.692419486327474
omnetpp,32bits,70,27,0.08571428571428572,0.4220005168831531
omnetpp,32bits,70,28,0.11428571428571428,0.512709142030877
omnetpp,32bits,70,29,0.1,0.4689955935892812
omnetpp,32bits,70,30,0.08571428571428572,0.4220005168831531
omnetpp,32bits,70,31,0.11428571428571428,0.512709142030877
omnetpp,32bits,70,32,0.11428571428571428,0.512709142030877
omnetpp,32bits,70,33,0.14285714285714285,0.5916727785823275
omnetpp,32bits,70,34,0.11428571428571428,0.512709142030877
omnetpp,32bits,70,35,0.14285714285714285,0.5916727785823275
omnetpp,32bits,70,36,0.14285714285714285,0.5916727785823275
omnetpp,32bits,70,37,0.05714285714285714,0.31599713297842463
omnetpp,32bits,70,38,0.12857142857142856,0.5535072654547253
omnetpp,32bits,70,39,0.14285714285714285,0.5916727785823275
omnetpp,32bits,70,40,0.11428571428571428,0.512709142030877
omnetpp,32bits,70,41,0.1,0.4689955935892812
omnetpp,32bits,70,42,0.1,0.4689955935892812
omnetpp,32bits,70,43,0.11428571428571428,0.512709142030877
omnetpp,32bits,70,44,0.1,0.4689955935892812
omnetpp,32bits,70,45,0.1,0.4689955935892812
omnetpp,32bits,70,46,0.12857142857142856,0.5535072654547253
omnetpp,32bits,70,47,0.1,0.4689955935892812
omnetpp,32bits,70,48,0.1,0.4689955935892812
omnetpp,32bits,70,49,0.07142857142857142,0.37123232664087563
omnetpp,32bits,70,50,0.08571428571428572,0.4220005168831531
omnetpp,32bits,70,51,0.11428571428571428,0.512709142030877
omnetpp,32bits,70,52,0.12857142857142856,0.5535072654547253
omnetpp,32bits,70,53,0.15714285714285714,0.6274303352684106
omnetpp,32bits,70,54,0.15714285714285714,0.6274303352684106
omnetpp,32bits,70,55,0.1,0.4689955935892812
omnetpp,32bits,70,56,0.1,0.4689955935892812
omnetpp,32bits,70,57,0.08571428571428572,0.4220005168831531
omnetpp,32bits,70,58,0.11428571428571428,0.512709142030877
omnetpp,32bits,70,59,0.14285714285714285,0.5916727785823275
omnetpp,32bits,70,60,0.11428571428571428,0.512709142030877
omnetpp,32bits,70,61,0.1,0.4689955935892812
omnetpp,32bits,70,62,0.14285714285714285,0.5916727785823275
omnetpp,32bits,70,63,0.0,0.0
omnetpp,64bits,73108439,0,0.0008300683317831475,0.009692357938473619
omnetpp,64bits,73108439,1,0.0008332280217335786,0.009724683271630539
omnetpp,64bits,73108439,2,0.0008311625967010457,0.009703554821426388
omnetpp,64bits,73108439,3,0.0010990523269139968,0.012387887149105143
omnetpp,64bits,73108439,4,0.0010942375612752449,0.012340552678011684
omnetpp,64bits,73108439,5,0.49710075193918446,0.9999757463157676
omnetpp,64bits,73108439,6,0.49872648764939437,0.9999953203720473
omnetpp,64bits,73108439,7,0.49993714131962247,0.999999988599207
omnetpp,64bits,73108439,8,0.5020109101221543,0.999988332144935
omnetpp,64bits,73108439,9,0.49809881729248795,0.999989570744862
omnetpp,64bits,73108439,10,0.4974241072224234,0.9999808547069402
omnetpp,64bits,73108439,11,0.4991391349499338,0.9999978616691481
omnetpp,64bits,73108439,12,0.5001502220557602,0.9999999348863646
omnetpp,64bits,73108439,13,0.5047923947603368,0.9999337300941191
omnetpp,64bits,73108439,14,0.4991121886763305,0.9999977257085285
omnetpp,64bits,73108439,15,0.499275945421294,0.9999984873191989
omnetpp,64bits,73108439,16,0.4977666805332829,0.999985608446329
omnetpp,64bits,73108439,17,0.4975822832163056,0.9999831338065303
omnetpp,64bits,73108439,18,0.5008661448782951,0.999997835359224
omnetpp,64bits,73108439,19,0.5016773644968675,0.9999918817907317
omnetpp,64bits,73108439,20,0.49334445507720387,0.9998721841835003
omnetpp,64bits,73108439,21,0.4976159865757768,0.9999836007656054
omnetpp,64bits,73108439,22,0.5000313164941191,0.9999999971702321
omnetpp,64bits,73108439,23,0.4718213036938184,0.9977076735948712
omnetpp,64bits,73108439,24,0.5427349638801616,0.9947240435008379
omnetpp,64bits,73108439,25,0.4986996918372173,0.999995121373147
omnetpp,64bits,73108439,26,0.5500844437397986,0.9927499861833098
omnetpp,64bits,73108439,27,0.5972338706342779,0.972545696558556
omnetpp,64bits,73108439,28,0.22242637406059237,0.7645733074331088
omnetpp,64bits,73108439,29,0.00031737786112489696,0.004146217065609936
omnetpp,64bits,73108439,30,0.00031443702415804556,0.004112021719654047
omnetpp,64bits,73108439,31,0.0003150388698628896,0.004119023055332448
omnetpp,64bits,73108439,32,0.0,0.0
omnetpp,64bits,73108439,33,0.0,0.0
omnetpp,64bits,73108439,34,0.0,0.0
omnetpp,64bits,73108439,35,0.0,0.0
omnetpp,64bits,73108439,36,0.0,0.0
omnetpp,64bits,73108439,37,0.0,0.0
omnetpp,64bits,73108439,38,0.0,0.0
omnetpp,64bits,73108439,39,0.0,0.0
omnetpp,64bits,73108439,40,0.0,0.0
omnetpp,64bits,73108439,41,0.0,0.0
omnetpp,64bits,73108439,42,0.0,0.0
omnetpp,64bits,73108439,43,0.0,0.0
omnetpp,64bits,73108439,44,1.3678311473727404e-08,3.770594752292888e-07
omnetpp,64bits,73108439,45,1.3678311473727404e-08,3.770594752292888e-07
omnetpp,64bits,73108439,46,4.103493442118221e-08,1.0661395926009723e-06
omnetpp,64bits,73108439,47,1.3678311473727404e-08,3.770594752292888e-07
omnetpp,64bits,73108439,48,4.103493442118221e-08,1.0661395926009723e-06
omnetpp,64bits,73108439,49,5.4713245894909615e-08,1.3988114075077995e-06
omnetpp,64bits,73108439,50,5.4713245894909615e-08,1.3988114075077995e-06
omnetpp,64bits,73108439,51,4.103493442118221e-08,1.0661395926009723e-06
omnetpp,64bits,73108439,52,4.924192130541866e-07,1.1028370536963124e-05
omnetpp,64bits,73108439,53,4.513842786330043e-07,1.0166002338859587e-05
omnetpp,64bits,73108439,54,4.6506259010673174e-07,1.0454033359864974e-05
omnetpp,64bits,73108439,55,4.6506259010673174e-07,1.0454033359864974e-05
omnetpp,64bits,73108439,56,4.2402765568554954e-07,9.588127358813988e-06
omnetpp,64bits,73108439,57,4.2402765568554954e-07,9.588127358813988e-06
omnetpp,64bits,73108439,58,4.2402765568554954e-07,9.588127358813988e-06
omnetpp,64bits,73108439,59,4.2402765568554954e-07,9.588127358813988e-06
omnetpp,64bits,73108439,60,4.2402765568554954e-07,9.588127358813988e-06
omnetpp,64bits,73108439,61,4.2402765568554954e-07,9.588127358813988e-06
omnetpp,64bits,73108439,62,1.5046142621100144e-07,3.6271431972966515e-06
omnetpp,64bits,73108439,63,0.0,0.0
parest,32bits,1784670,0,0.8006079555323954,0.7207105161966056
parest,32bits,1784670,1,0.8033193811741106,0.7152394494473278
parest,32bits,1784670,2,0.8046389528596323,0.7125525986917336
parest,32bits,1784670,3,0.8026649184443062,0.7165661326988972
parest,32bits,1784670,4,0.8029568491653919,0.7159748327525621
parest,32bits,1784670,5,0.8040808664907237,0.7136908937511126
parest,32bits,1784670,6,0.8012327208951795,0.7194557915032074
parest,32bits,1784670,7,0.799378036275614,0.7231702796568679
parest,32bits,1784670,8,0.7948802859912477,0.732050096459913
parest,32bits,1784670,9,0.7950489446228154,0.7317203658373528
parest,32bits,1784670,10,0.7910739800635411,0.7394248449060119
parest,32bits,1784670,11,0.7507612051527733,0.8100694121375493
parest,32bits,1784670,12,0.7505914258658464,0.8103393902448752
parest,32bits,1784670,13,0.6276947558932464,0.9524256892645993
parest,32bits,1784670,14,0.6270190007116162,0.9529335137868068
parest,32bits,1784670,15,0.6270061131749848,0.9529431712850001
parest,32bits,1784670,16,0.6265483254607295,0.953285557929196
parest,32bits,1784670,17,0.6263735032246858,0.9534159692510424
parest,32bits,1784670,18,0.6264116055069004,0.9533875623285748
parest,32bits,1784670,19,0.62315217939451,0.9557852812136796
parest,32bits,1784670,20,0.6217132579132276,0.956823009369431
parest,32bits,1784670,21,0.6215490819030969,0.9569406029990941
parest,32bits,1784670,22,0.6215681330442042,0.956926965801033
parest,32bits,1784670,23,0.6217132579132276,0.956823009369431
parest,32bits,1784670,24,0.6215490819030969,0.9569406029990941
parest,32bits,1784670,25,0.6215490819030969,0.9569406029990941
parest,32bits,1784670,26,0.6215681330442042,0.956926965801033
parest,32bits,1784670,27,0.6215490819030969,0.9569406029990941
parest,32bits,1784670,28,0.6215490819030969,0.9569406029990941
parest,32bits,1784670,29,0.6215490819030969,0.9569406029990941
parest,32bits,1784670,30,0.6215490819030969,0.9569406029990941
parest,32bits,1784670,31,0.6215490819030969,0.9569406029990941
parest,32bits,1784670,32,0.0021045907646791845,0.021747621116031568
parest,32bits,1784670,33,0.0017796007104954978,0.018820418723734376
parest,32bits,1784670,34,0.0015790034011890154,0.016971642421490102
parest,32bits,1784670,35,0.0017297315470086907,0.018364011021668424
parest,32bits,1784670,36,0.001743739738999367,0.018492422748571824
parest,32bits,1784670,37,0.0016619318977738181,0.017740156704183958
parest,32bits,1784670,38,0.0017868849703306495,0.018886914598459124
parest,32bits,1784670,39,0.001538099480576241,0.016590280049469754
parest,32bits,1784670,40,0.002058643894949767,0.021338459534956923
parest,32bits,1784670,41,0.0013050031658513898,0.014385681842758303
parest,32bits,1784670,42,0.0007054525486504508,0.00840289177742888
parest,32bits,1784670,43,0.0009166960838698471,0.010572533191414213
parest,32bits,1784670,44,4.0343592933147307e-05,0.0006471098928337781
parest,32bits,1784670,45,0.0,0.0
parest,32bits,1784670,46,0.0,0.0
parest,32bits,1784670,47,0.0,0.0
parest,32bits,1784670,48,0.0,0.0
parest,32bits,1784670,49,0.0,0.0
parest,32bits,1784670,50,0.0,0.0
parest,32bits,1784670,51,0.0,0.0
parest,32bits,1784670,52,0.0,0.0
parest,32bits,1784670,53,0.0,0.0
parest,32bits,1784670,54,0.0,0.0
parest,32bits,1784670,55,0.0,0.0
parest,32bits,1784670,56,0.0,0.0
parest,32bits,1784670,57,0.0,0.0
parest,32bits,1784670,58,0.0,0.0
parest,32bits,1784670,59,0.0,0.0
parest,32bits,1784670,60,0.0,0.0
parest,32bits,1784670,61,0.0,0.0
parest,32bits,1784670,62,0.0,0.0
parest,32bits,1784670,63,0.0,0.0
parest,64bits,19195481,0,0.2665444017787312,0.8364622495510874
parest,64bits,19195481,1,0.3264039072529623,0.9112099933627238
parest,64bits,19195481,2,0.32683577973378214,0.911660785678085
parest,64bits,19195481,3,0.3576153158131333,0.9406859009795626
parest,64bits,19195481,4,0.33938352469521343,0.9242275584455955
parest,64bits,19195481,5,0.34552997135106955,0.9300124595478422
parest,64bits,19195481,6,0.3396022220021473,0.9244375500374375
parest,64bits,19195481,7,0.3515518053441849,0.9354463188217861
parest,64bits,19195481,8,0.3725658137975287,0.9526218390897614
parest,64bits,19195481,9,0.32285906250538865,0.9074635266825747
parest,64bits,19195481,10,0.3506152828366218,0.9346163550829522
parest,64bits,19195481,11,0.3243044547828731,0.9090011150561758
parest,64bits,19195481,12,0.362274433237698,0.9445549582376795
parest,64bits,19195481,13,0.35977473031282725,0.9424960396263349
parest,64bits,19195481,14,0.3558427632003595,0.9391781696299779
parest,64bits,19195481,15,0.32463463666266035,0.9093504269421824
parest,64bits,19195481,16,0.31258742617598384,0.896137654456268
parest,64bits,19195481,17,0.29972413819690163,0.8809534264057475
parest,64bits,19195481,18,0.3324991960347334,0.9174594372495067
parest,64bits,19195481,19,0.34942047037008345,0.9335494210887467
parest,64bits,19195481,20,0.33654478363944096,0.9214738597332364
parest,64bits,19195481,21,0.3292279052554088,0.9141355817149648
parest,64bits,19195481,22,0.38858229184254356,0.9638785546701054
parest,64bits,19195481,23,0.32803580175979963,0.9129069612682672
parest,64bits,19195481,24,0.36227214103152716,0.9445530881186199
parest,64bits,19195481,25,0.36981209275245563,0.9505277032372689
parest,64bits,19195481,26,0.340514624249322,0.9253103138833686
parest,64bits,19195481,27,0.35947090880400445,0.942243127251739
parest,64bits,19195481,28,0.3926617415838655,0.9664957989695593
parest,64bits,19195481,29,0.3980262333619043,0.9697842993918349
parest,64bits,19195481,30,0.37259800887510974,0.9526460455863088
parest,64bits,19195481,31,0.37185330234756814,0.9520844856806461
parest,64bits,19195481,32,0.37433524067461504,0.9539427377790113
parest,64bits,19195481,33,0.3274955704418139,0.9123471198318676
parest,64bits,19195481,34,0.36565825050177175,0.9472799515781716
parest,64bits,19195481,35,0.34287059542816356,0.9275392144281076
parest,64bits,19195481,36,0.40370355918666484,0.9730758535887768
parest,64bits,19195481,37,0.38156246254001136,0.9591380701052044
parest,64bits,19195481,38,0.33036786106063193,0.9153017732027948
parest,64bits,19195481,39,0.3696502317394391,0.9504031526935266
parest,64bits,19195481,40,0.41598530404109174,0.9795366269086907
parest,64bits,19195481,41,0.4038544801247752,0.9731607135945627
parest,64bits,19195481,42,0.3901992870092706,0.9649280349956415
parest,64bits,19195481,43,0.33212129459011736,0.9170790238226613
parest,64bits,19195481,44,0.37558548285401133,0.9548644288413914
parest,64bits,19195481,45,0.34852895845642,0.9327474246822188
parest,64bits,19195481,46,0.3877833538008243,0.9633541601143276
parest,64bits,19195481,47,0.3516850137800663,0.9355639195619605
parest,64bits,19195481,48,0.31834055109116566,0.9025677315199189
parest,64bits,19195481,49,0.3142093183286212,0.897972787905152
parest,64bits,19195481,50,0.26456534222820466,0.8335576875277175
parest,64bits,19195481,51,0.26235091478041106,0.8302732541526281
parest,64bits,19195481,52,0.3733515716537658,0.9532107998093023
parest,64bits,19195481,53,0.3507841246593404,0.9347663963122507
parest,64bits,19195481,54,0.3663644062891677,0.9478396287002275
parest,64bits,19195481,55,0.311710240550888,0.8951377832465218
parest,64bits,19195481,56,0.41183917193843694,0.977456119248884
parest,64bits,19195481,57,0.6394090359079827,0.9431726406216538
parest,64bits,19195481,58,0.6243882088706191,0.9548837202224658
parest,64bits,19195481,59,0.713348209404078,0.8643567780263701
parest,64bits,19195481,60,0.7276903350325006,0.844759371536691
parest,64bits,19195481,61,0.7276903350325006,0.844759371536691
parest,64bits,19195481,62,0.0,0.0
parest,64bits,19195481,63,0.39942140548600996,0.9706111320044057
perlbench,32bits,10686177,0,0.429365057307211,0.9855556667909673
perlbench,32bits,10686177,1,0.2767483637974553,0.8509823063342911
perlbench,32bits,10686177,2,0.07763412490734525,0.39378752215926255
perlbench,32bits,10686177,3,0.43325718823485704,0.9871082874256184
perlbench,32bits,10686177,4,0.18735727472977473,0.6959102315944881
perlbench,32bits,10686177,5,0.2773422150877718,0.8518040680527079
perlbench,32bits,10686177,6,0.3996728671067305,0.9707589123014488
perlbench,32bits,10686177,7,0.20255391614793578,0.7270066142877061
perlbench,32bits,10686177,8,0.2010607722481108,0.7240445730443166
perlbench,32bits,10686177,9,0.1858271671899127,0.6926601396921033
perlbench,32bits,10686177,10,0.07867584450454078,0.3974961741668816
perlbench,32bits,10686177,11,0.048205639865407435,0.2787251853720562
perlbench,32bits,10686177,12,0.24808235910747126,0.8082245638917691
perlbench,32bits,10686177,13,0.24731482549839853,0.8069944181008537
perlbench,32bits,10686177,14,0.15292849818976423,0.6171206094773404
perlbench,32bits,10686177,15,0.2625949392378584,0.8306369793003867
perlbench,32bits,10686177,16,0.24591610264363017,0.8047409009092055
perlbench,32bits,10686177,17,0.18442067729179482,0.6896529340030926
perlbench,32bits,10686177,18,0.10899098901318965,0.49686495470449915
perlbench,32bits,10686177,19,0.18647641715086696,0.6940419260010966
perlbench,32bits,10686177,20,0.24610391536655252,0.8050443740389506
perlbench,32bits,10686177,21,0.21472010055607352,0.7504086928819915
perlbench,32bits,10686177,22,0.1398735955805336,0.5839076741129029
perlbench,32bits,10686177,23,0.17265837913783386,0.6637500445355373
perlbench,32bits,10686177,24,0.030092520458906865,0.1948556313585513
perlbench,32bits,10686177,25,0.030092520458906865,0.1948556313585513
perlbench,32bits,10686177,26,0.17265791124365618,0.6637489868302541
perlbench,32bits,10686177,27,0.030092520458906865,0.1948556313585513
perlbench,32bits,10686177,28,0.030092520458906865,0.1948556313585513
perlbench,32bits,10686177,29,0.030092520458906865,0.1948556313585513
perlbench,32bits,10686177,30,0.030092520458906865,0.1948556313585513
perlbench,32bits,10686177,31,0.030092520458906865,0.1948556313585513
perlbench,32bits,10686177,32,0.03009242688007133,0.1948551624937183
perlbench,32bits,10686177,33,0.03009242688007133,0.1948551624937183
perlbench,32bits,10686177,34,0.03009242688007133,0.1948551624937183
perlbench,32bits,10686177,35,0.03009242688007133,0.1948551624937183
perlbench,32bits,10686177,36,0.03009242688007133,0.1948551624937183
perlbench,32bits,10686177,37,0.03009242688007133,0.1948551624937183
perlbench,32bits,10686177,38,0.03009242688007133,0.1948551624937183
perlbench,32bits,10686177,39,0.03009242688007133,0.1948551624937183
perlbench,32bits,10686177,40,0.03009242688007133,0.1948551624937183
perlbench,32bits,10686177,41,0.03009242688007133,0.1948551624937183
perlbench,32bits,10686177,42,0.03009242688007133,0.1948551624937183
perlbench,32bits,10686177,43,0.03009242688007133,0.1948551624937183
perlbench,32bits,10686177,44,0.03009242688007133,0.1948551624937183
perlbench,32bits,10686177,45,0.03009242688007133,0.1948551624937183
perlbench,32bits,10686177,46,0.03009242688007133,0.1948551624937183
perlbench,32bits,10686177,47,0.03009242688007133,0.1948551624937183
perlbench,32bits,10686177,48,0.03009242688007133,0.1948551624937183
perlbench,32bits,10686177,49,0.03009242688007133,0.1948551624937183
perlbench,32bits,10686177,50,0.03009242688007133,0.1948551624937183
perlbench,32bits,10686177,51,0.03009242688007133,0.1948551624937183
perlbench,32bits,10686177,52,0.03009242688007133,0.1948551624937183
perlbench,32bits,10686177,53,0.03009242688007133,0.1948551624937183
perlbench,32bits,10686177,54,0.03009242688007133,0.1948551624937183
perlbench,32bits,10686177,55,0.03009242688007133,0.1948551624937183
perlbench,32bits,10686177,56,0.03009242688007133,0.1948551624937183
perlbench,32bits,10686177,57,0.03009242688007133,0.1948551624937183
perlbench,32bits,10686177,58,0.03009242688007133,0.1948551624937183
perlbench,32bits,10686177,59,0.03009242688007133,0.1948551624937183
perlbench,32bits,10686177,60,0.03009242688007133,0.1948551624937183
perlbench,32bits,10686177,61,0.03009242688007133,0.1948551624937183
perlbench,32bits,10686177,62,0.03009242688007133,0.1948551624937183
perlbench,32bits,10686177,63,0.03009242688007133,0.1948551624937183
perlbench,64bits,6894,0,0.21830577313606034,0.7570618059886538
perlbench,64bits,6894,1,0.23426167682042356,0.7853667051160327
perlbench,64bits,6894,2,0.2399187699448796,0.7949051705481069
perlbench,64bits,6894,3,0.23933855526544823,0.7939385886018757
perlbench,64bits,6894,4,0.26182187409341456,0.8294831796755091
perlbench,64bits,6894,5,0.3838120104438642,0.9606898917413015
perlbench,64bits,6894,6,0.4004931824775167,0.9712383567575169
perlbench,64bits,6894,7,0.3765593269509719,0.9555756938212328
perlbench,64bits,6894,8,0.4299390774586597,0.9857902536112281
perlbench,64bits,6894,9,0.4464751958224543,0.991717771447446
perlbench,64bits,6894,10,0.38758340586016826,0.9632223146492016
perlbench,64bits,6894,11,0.46707281694226865,0.9968693967572504
perlbench,64bits,6894,12,0.35784740353930955,0.9408818527116769
perlbench,64bits,6894,13,0.27560197272991005,0.8493887563988503
perlbench,64bits,6894,14,0.27342616768204236,0.8463381237313627
perlbench,64bits,6894,15,0.31230055120394545,0.8958112252481957
perlbench,64bits,6894,16,0.26602843051929215,0.8357077765850542
perlbench,64bits,6894,17,0.17725558456628954,0.6740363318875736
perlbench,64bits,6894,18,0.06222802436901654,0.3362265756928574
perlbench,64bits,6894,19,0.22352770525094284,0.7665568747472453
perlbench,64bits,6894,20,0.10414853495793444,0.4820098586134812
perlbench,64bits,6894,21,0.10414853495793444,0.4820098586134812
perlbench,64bits,6894,22,0.16289527125036263,0.6411911893196205
perlbench,64bits,6894,23,0.2670438062082971,0.8371906268094376
perlbench,64bits,6894,24,0.0,0.0
perlbench,64bits,6894,25,0.0,0.0
perlbench,64bits,6894,26,0.2670438062082971,0.8371906268094376
perlbench,64bits,6894,27,0.0,0.0
perlbench,64bits,6894,28,0.0,0.0
perlbench,64bits,6894,29,0.0,0.0
perlbench,64bits,6894,30,0.0,0.0
perlbench,64bits,6894,31,0.0,0.0
perlbench,64bits,6894,32,0.0,0.0
perlbench,64bits,6894,33,0.0,0.0
perlbench,64bits,6894,34,0.0,0.0
perlbench,64bits,6894,35,0.0,0.0
perlbench,64bits,6894,36,0.0,0.0
perlbench,64bits,6894,37,0.0,0.0
perlbench,64bits,6894,38,0.0,0.0
perlbench,64bits,6894,39,0.0,0.0
perlbench,64bits,6894,40,0.0,0.0
perlbench,64bits,6894,41,0.0,0.0
perlbench,64bits,6894,42,0.0,0.0
perlbench,64bits,6894,43,0.0,0.0
perlbench,64bits,6894,44,0.0,0.0
perlbench,64bits,6894,45,0.0,0.0
perlbench,64bits,6894,46,0.0,0.0
perlbench,64bits,6894,47,0.0,0.0
perlbench,64bits,6894,48,0.0,0.0
perlbench,64bits,6894,49,0.0,0.0
perlbench,64bits,6894,50,0.0,0.0
perlbench,64bits,6894,51,0.0,0.0
perlbench,64bits,6894,52,0.0,0.0
perlbench,64bits,6894,53,0.0,0.0
perlbench,64bits,6894,54,0.0,0.0
perlbench,64bits,6894,55,0.0,0.0
perlbench,64bits,6894,56,0.0,0.0
perlbench,64bits,6894,57,0.0,0.0
perlbench,64bits,6894,58,0.0,0.0
perlbench,64bits,6894,59,0.0,0.0
perlbench,64bits,6894,60,0.0,0.0
perlbench,64bits,6894,61,0.0,0.0
perlbench,64bits,6894,62,0.0,0.0
perlbench,64bits,6894,63,0.0,0.0
pop2,32bits,646558086,0,0.4024367688443077,0.9723581779798229
pop2,32bits,646558086,1,0.36855794113446444,0.949558402837548
pop2,32bits,646558086,2,0.36109985638629843,0.9435923668890569
pop2,32bits,646558086,3,0.36801629761073007,0.9491367668635298
pop2,32bits,646558086,4,0.3946779763883426,0.9677521515627823
pop2,32bits,646558086,5,0.36980965697798107,0.9505258301334971
pop2,32bits,646558086,6,0.391480673555446,0.9657484345124974
pop2,32bits,646558086,7,0.3630231545816597,0.9451640548035987
pop2,32bits,646558086,8,0.3875410615466342,0.9631943616748841
pop2,32bits,646558086,9,0.36409173916046267,0.9460273079721813
pop2,32bits,646558086,10,0.39019620736751565,0.9649260512874227
pop2,32bits,646558086,11,0.38184729933143235,0.9593362703692595
pop2,32bits,646558086,12,0.34433821774212564,0.92890970628503
pop2,32bits,646558086,13,0.37080737089412874,0.9512899969083195
pop2,32bits,646558086,14,0.3201231513172971,0.904515329932965
pop2,32bits,646558086,15,0.29460249763236274,0.8745926145614449
pop2,32bits,646558086,16,0.26471795760667355,0.8337827047633573
pop2,32bits,646558086,17,0.26315253908989084,0.8314664324813672
pop2,32bits,646558086,18,0.21884834180234813,0.7580590265665617
pop2,32bits,646558086,19,0.15545267962204404,0.623319073900051
pop2,32bits,646558086,20,0.15721221681542777,0.6275983822224254
pop2,32bits,646558086,21,0.011244958739871053,0.08893784910149136
pop2,32bits,646558086,22,0.012671653448318332,0.09802495761588689
pop2,32bits,646558086,23,0.010822118153820445,0.08619528711559742
pop2,32bits,646558086,24,0.01231726765536113,0.0957907406498539
pop2,32bits,646558086,25,0.011483894735483982,0.09047728231837476
pop2,32bits,646558086,26,0.012047870359477648,0.09408238907781735
pop2,32bits,646558086,27,0.011447126190608031,0.09024086353736065
pop2,32bits,646558086,28,0.012310199458243262,0.09574602926552749
pop2,32bits,646558086,29,0.012013242380205883,0.09386216580713426
pop2,32bits,646558086,30,0.012787307403653752,0.09875094119909526
pop2,32bits,646558086,31,0.00959427023545105,0.07809125015068112
pop2,32bits,646558086,32,0.011635582576257502,0.09145081236831498
pop2,32bits,646558086,33,0.002837279495411028,0.028094521525883764
pop2,32bits,646558086,34,0.001217994201993477,0.013547862911237598
pop2,32bits,646558086,35,0.002852780036224,0.02822555119291547
pop2,32bits,646558086,36,0.01127549891936546,0.08913502515098021
pop2,32bits,646558086,37,0.0033676943296321255,0.03251268461800089
pop2,32bits,646558086,38,0.010399532765258774,0.08343030049734004
pop2,32bits,646558086,39,0.0020088589534707326,0.020893444893093107
pop2,32bits,646558086,40,0.010212898335015177,0.0822012352550357
pop2,32bits,646558086,41,0.002779386785056772,0.027604052256264076
pop2,32bits,646558086,42,0.010735974308114987,0.08563362965472365
pop2,32bits,646558086,43,0.01030049603308186,0.08277871612811528
pop2,32bits,646558086,44,0.000958682620203129,0.010994807298604059
pop2,32bits,646558086,45,0.009418084982390895,0.07691025230532728
pop2,32bits,646558086,46,0.0008394079538276782,0.009787857361800012
pop2,32bits,646558086,47,0.0006733780141758215,0.008066061878678766
pop2,32bits,646558086,48,0.0007146333949027435,0.008498912332808044
pop2,32bits,646558086,49,0.0006259128278847324,0.007563526907619383
pop2,32bits,646558086,50,0.0003620834772144509,0.004661398906971847
pop2,32bits,646558086,51,0.0002344831860938168,0.0031656997626744957
pop2,32bits,646558086,52,0.0004316534060019474,0.005447562083284167
pop2,32bits,646558086,53,0.0003089126937312791,0.004047678518673015
pop2,32bits,646558086,54,0.000407423564415835,0.005175739499294979
pop2,32bits,646558086,55,0.0002417478079455958,0.0032531350313776295
pop2,32bits,646558086,56,0.00034913800459375894,0.0045130828858086025
pop2,32bits,646558086,57,0.00035112699835603017,0.004535915158031788
pop2,32bits,646558086,58,0.00034850697080292953,0.004505835641812008
pop2,32bits,646558086,59,0.0003485796634209908,0.004506670579881062
pop2,32bits,646558086,60,0.000348568836860854,0.0045065462287894155
pop2,32bits,646558086,61,0.0003496190131941216,0.00451860602737481
pop2,32bits,646558086,62,0.0003811614228269044,0.004878763421913357
pop2,32bits,646558086,63,2.6718403766123496e-05,0.00044444681779793807
pop2,64bits,318795464,0,0.09435958285780377,0.45085651586370723
pop2,64bits,318795464,1,0.09247070717417735,0.44466338737251987
pop2,64bits,318795464,2,0.09280065540706689,0.4457495910709484
pop2,64bits,318795464,3,0.08918026198766743,0.433727703686019
pop2,64bits,318795464,4,0.09024928284425025,0.43730134383092945
pop2,64bits,318795464,5,0.10171065357441848,0.4743949004850607
pop2,64bits,318795464,6,0.10482183021274104,0.4840966843365274
pop2,64bits,318795464,7,0.09122955400645223,0.4405606468670416
pop2,64bits,318795464,8,0.11207500116751976,0.5061432363399638
pop2,64bits,318795464,9,0.10173789361068199,0.4744805021458013
pop2,64bits,318795464,10,0.11164561927393045,0.5048597755411813
pop2,64bits,318795464,11,0.08908945768437909,0.4334232208883807
pop2,64bits,318795464,12,0.11357921642197519,0.5106184452708329
pop2,64bits,318795464,13,0.09094924888893652,0.43963037476904376
pop2,64bits,318795464,14,0.11185791840501219,0.5054946912190865
pop2,64bits,318795464,15,0.10566062822023088,0.4866867269562918
pop2,64bits,318795464,16,0.09687985397433384,0.4590262034536612
pop2,64bits,318795464,17,0.10663966661708837,0.4896962236077419
pop2,64bits,318795464,18,0.10905900781574483,0.49707110105841545
pop2,64bits,318795464,19,0.09185204404288513,0.4426216725877875
pop2,64bits,318795464,20,0.09467817271076354,0.4518951222358565
pop2,64bits,318795464,21,0.11349557658699937,0.5103704621733594
pop2,64bits,318795464,22,0.1089945840634671,0.49687585203691714
pop2,64bits,318795464,23,0.10774714159671983,0.4930830347873413
pop2,64bits,318795464,24,0.09968252873259201,0.46798842490729753
pop2,64bits,318795464,25,0.1056328925683836,0.4866012568759589
pop2,64bits,318795464,26,0.09640373992272362,0.45749093540464936
pop2,64bits,318795464,27,0.10977148031190306,0.49922628880440834
pop2,64bits,318795464,28,0.1179675410939975,0.5234902682738096
pop2,64bits,318795464,29,0.1305576763162477,0.5589656332747295
pop2,64bits,318795464,30,0.13320290215923525,0.5661571788025264
pop2,64bits,318795464,31,0.12605167117434268,0.5465095805594531
pop2,64bits,318795464,32,0.12133936134047378,0.5331986032975417
pop2,64bits,318795464,33,0.1120244295571282,0.5059922123204273
pop2,64bits,318795464,34,0.11425295561921797,0.5126123588511867
pop2,64bits,318795464,35,0.11074208697022113,0.502150266786337
pop2,64bits,318795464,36,0.15088860549157626,0.6120595801299553
pop2,64bits,318795464,37,0.1251554664529355,0.5440007333638326
pop2,64bits,318795464,38,0.16527002404275112,0.6467693642719375
pop2,64bits,318795464,39,0.19748812674448843,0.7168758125271899
pop2,64bits,318795464,40,0.1709889165800678,0.6599620092294466
pop2,64bits,318795464,41,0.18856650356857022,0.698463046228471
pop2,64bits,318795464,42,0.15549655060336742,0.6234261832227723
pop2,64bits,318795464,43,0.11333225243129558,0.5098859344124869
pop2,64bits,318795464,44,0.17951923870535372,0.6790241889715293
pop2,64bits,318795464,45,0.1438284736698763,0.5941780847037608
pop2,64bits,318795464,46,0.14086176897422856,0.5864912651192205
pop2,64bits,318795464,47,0.1753954692404281,0.669899734303724
pop2,64bits,318795464,48,0.21280559688264572,0.7468114211532775
pop2,64bits,318795464,49,0.1934022499140703,0.7085346936944275
pop2,64bits,318795464,50,0.13615971336405214,0.5740924032066295
pop2,64bits,318795464,51,0.11714634685015468,0.5211021152673991
pop2,64bits,318795464,52,0.23061075925471763,0.779074475657503
pop2,64bits,318795464,53,0.23995279932841201,0.7949617775078845
pop2,64bits,318795464,54,0.29954002105876887,0.8807278974695334
pop2,64bits,318795464,55,0.24332812966247225,0.8005311753729172
pop2,64bits,318795464,56,0.22048160007696974,0.7610459160633062
pop2,64bits,318795464,57,0.17411394536027652,0.6670297682708297
pop2,64bits,318795464,58,0.19416832731346517,0.7101102896343557
pop2,64bits,318795464,59,0.1706900666566573,0.6592809272442871
pop2,64bits,318795464,60,0.17071845162765553,0.6593456559810242
pop2,64bits,318795464,61,0.17085341904362855,0.6596533216900308
pop2,64bits,318795464,62,0.2599148368058336,0.8266178328762928
pop2,64bits,318795464,63,0.08816064584908899,0.4303003095632522
povray,32bits,976390,0,0.06346644271244073,0.3410544088388598
povray,32bits,976390,1,0.06371941539753583,0.3420359930746726
povray,32bits,976390,2,0.07055275043783733,0.36798302984997905
povray,32bits,976390,3,0.2082313419842481,0.7380883853632695
povray,32bits,976390,4,0.18400229416524136,0.6887547355212584
povray,32bits,976390,5,0.09864398447341738,0.46468232868925163
povray,32bits,976390,6,0.17436577597066746,0.6675950393955521
povray,32bits,976390,7,0.17917020862565164,0.6782584025801393
povray,32bits,976390,8,0.11786376345517673,0.5231889850357994
povray,32bits,976390,9,0.18935261524595703,0.7001152150424952
povray,32bits,976390,10,0.22037095832607873,0.7608442837269449
povray,32bits,976390,11,0.1509601696043589,0.612237922701086
povray,32bits,976390,12,0.13899568819836336,0.581602554411592
povray,32bits,976390,13,0.11575804750151067,0.5170433128256559
povray,32bits,976390,14,0.21983940843310562,0.759874159052381
povray,32bits,976390,15,0.11138786755292455,0.5040880450907627
povray,32bits,976390,16,0.1558926248732576,0.6243922268018326
povray,32bits,976390,17,0.2074335050543328,0.7365482523357931
povray,32bits,976390,18,0.22503302983438994,0.7692517586859309
povray,32bits,976390,19,0.21501449215989513,0.7509590552500289
povray,32bits,976390,20,0.19705752824178863,0.7160039720951097
povray,32bits,976390,21,0.05966058644598982,0.3260960981475815
povray,32bits,976390,22,0.20206167617447945,0.7260323332606162
povray,32bits,976390,23,0.3370231157631684,0.9219415038254599
povray,32bits,976390,24,0.1363195034770942,0.5745181615738432
povray,32bits,976390,25,0.23015188602914818,0.7782759810570812
povray,32bits,976390,26,0.36309671340345556,0.9452237073227343
povray,32bits,976390,27,0.22809123403558004,0.7746690269532445
povray,32bits,976390,28,0.22623336986245252,0.7713872107627916
povray,32bits,976390,29,0.22591177705629922,0.7708162509007153
povray,32bits,976390,30,0.06285500670838497,0.3386754901692802
povray,32bits,976390,31,0.058603631745511524,0.32187673746148937
povray,32bits,976390,32,0.051543952723809135,0.29291970314522403
povray,32bits,976390,33,0.05096426632800418,0.29047905542018376
povray,32bits,976390,34,0.06483986931451571,0.3463650480865218
povray,32bits,976390,35,0.061227583240303564,0.3322988139398878
povray,32bits,976390,36,0.05352676696811725,0.3011935840622992
povray,32bits,976390,37,0.0554235500158748,0.3090036216673749
povray,32bits,976390,38,0.05874189616853921,0.3224303390594732
povray,32bits,976390,39,0.056368868997019636,0.31285876505062615
povray,32bits,976390,40,0.04978645827999058,0.2854891539376732
povray,32bits,976390,41,0.055618144389024876,0.3097992048444012
povray,32bits,976390,42,0.06049734225053514,0.3294160266462345
povray,32bits,976390,43,0.06118354346111697,0.3321253379632496
povray,32bits,976390,44,0.05061604481815668,0.2890081297777214
povray,32bits,976390,45,0.05085877569413861,0.2900338344391275
povray,32bits,976390,46,0.0567529368387632,0.31441810164813344
povray,32bits,976390,47,0.06239105275555874,0.3368642754475609
povray,32bits,976390,48,0.056413932957117545,0.3130419338936026
povray,32bits,976390,49,0.052534335665051876,0.2970666148415946
povray,32bits,976390,50,0.05984698737184936,0.3268372165081163
povray,32bits,976390,51,0.05068364075830355,0.289293946415935
povray,32bits,976390,52,0.1411321295793689,0.5871960950877166
povray,32bits,976390,53,0.1329192228515245,0.5653901547221312
povray,32bits,976390,54,0.1859748666004363,0.6929748383346861
povray,32bits,976390,55,0.20838189657821157,0.7383783886106872
povray,32bits,976390,56,0.2051157836520243,0.7320424154076579
povray,32bits,976390,57,0.20537899814623256,0.7325565107063785
povray,32bits,976390,58,0.21059105480392057,0.7426110015713099
povray,32bits,976390,59,0.21059207898483187,0.7426129539922344
povray,32bits,976390,60,0.21059207898483187,0.7426129539922344
povray,32bits,976390,61,0.21059207898483187,0.7426129539922344
povray,32bits,976390,62,0.0,0.0
povray,32bits,976390,63,0.04383699136615492,0.25961617651711805
povray,64bits,36417306,0,0.1642254646733067,0.6443230526244458
povray,64bits,36417306,1,0.19576269590067974,0.7133721053847473
povray,64bits,36417306,2,0.21219202760357947,0.7456518808805912
povray,64bits,36417306,3,0.4601154462112052,0.9954051057748727
povray,64bits,36417306,4,0.4748360573404304,0.9981721296306478
povray,64bits,36417306,5,0.3365089938283738,0.9214388101908529
povray,64bits,36417306,6,0.3859275587271612,0.962121107831724
povray,64bits,36417306,7,0.35667569698867896,0.939889122494835
povray,64bits,36417306,8,0.3996328284140513,0.9707354076023247
povray,64bits,36417306,9,0.3548624107450452,0.9383357925507035
povray,64bits,36417306,10,0.3882741079200092,0.9636767330433539
povray,64bits,36417306,11,0.35113267302089834,0.9350755625307834
povray,64bits,36417306,12,0.3171225790287727,0.9012248786606214
povray,64bits,36417306,13,0.3263569523786301,0.9111609076996969
povray,64bits,36417306,14,0.35152677136524046,0.9354242054762203
povray,64bits,36417306,15,0.36711411327350796,0.9484304316091507
povray,64bits,36417306,16,0.4322048149305717,0.986697269677967
povray,64bits,36417306,17,0.29660692089634527,0.8771035922410645
povray,64bits,36417306,18,0.42640941095423146,0.9843170435922572
povray,64bits,36417306,19,0.3964319875830464,0.9688251390524835
povray,64bits,36417306,20,0.24488799363687144,0.8030747866875536
povray,64bits,36417306,21,0.38694207638533173,0.9627977827719019
povray,64bits,36417306,22,0.3805035990306367,0.9583969221447659
povray,64bits,36417306,23,0.3772546766638916,0.9560799885785827
povray,64bits,36417306,24,0.33067319696849623,0.9156126967498447
povray,64bits,36417306,25,0.23898412474552622,0.7933468291110919
povray,64bits,36417306,26,0.47261818323409205,0.9978355560704405
povray,64bits,36417306,27,0.22373143142438928,0.7669226924449916
povray,64bits,36417306,28,0.23743980403163265,0.7907567777513886
povray,64bits,36417306,29,0.23874566668934818,0.7929481373118539
povray,64bits,36417306,30,0.2251785730663328,0.7695113199221686
povray,64bits,36417306,31,0.22366333193344945,0.7668004490380943
povray,64bits,36417306,32,0.23858815915707768,0.7926845438532075
povray,64bits,36417306,33,0.23873396895421095,0.7929285675809903
povray,64bits,36417306,34,0.22516657327700187,0.76948992617084
povray,64bits,36417306,35,0.22507186555754563,0.7693210353021058
povray,64bits,36417306,36,0.31970884941351785,0.9040645612258454
povray,64bits,36417306,37,0.23903204152443347,0.7934268895061216
povray,64bits,36417306,38,0.30739898772303476,0.8901481864545719
povray,64bits,36417306,39,0.3058777055062777,0.88835752909816
povray,64bits,36417306,40,0.23718591375210457,0.7903291500583973
povray,64bits,36417306,41,0.320974840917667,0.9054384123795425
povray,64bits,36417306,42,0.22367088328829157,0.7668140061538713
povray,64bits,36417306,43,0.22329120116682985,0.7661317671760586
povray,64bits,36417306,44,0.3208162075470382,0.9052668456484971
povray,64bits,36417306,45,0.2384161530235103,0.7923964615009524
povray,64bits,36417306,46,0.22420694710366548,0.7677752035655689
povray,64bits,36417306,47,0.2307956826899826,0.7793957805250953
povray,64bits,36417306,48,0.3502885688469103,0.9343255078234362
povray,64bits,36417306,49,0.333107369336985,0.91806970429627
povray,64bits,36417306,50,0.2322027609620547,0.7818314912615704
povray,64bits,36417306,51,0.20150227477013263,0.7249224887170932
povray,64bits,36417306,52,0.2318126991601191,0.7811578860972314
povray,64bits,36417306,53,0.3719164728989014,0.9521322535371133
povray,64bits,36417306,54,0.2892780152381398,0.8677867838009485
povray,64bits,36417306,55,0.0541513971406891,0.3037766596383905
povray,64bits,36417306,56,0.12283415472852385,0.5374530550655122
povray,64bits,36417306,57,0.04055379604411156,0.24482558728152912
povray,64bits,36417306,58,0.04141042173740144,0.24872196450895406
povray,64bits,36417306,59,0.04141042173740144,0.24872196450895406
povray,64bits,36417306,60,0.041421487904679165,0.24877212353197664
povray,64bits,36417306,61,0.0398561881540606,0.241632428204222
povray,64bits,36417306,62,0.5797426915653783,0.9815735181557315
povray,64bits,36417306,63,0.25291080015638717,0.8158591210431579
roms,32bits,951206,0,0.5126281793849071,0.9995398152734096
roms,32bits,951206,1,0.341073332169898,0.9258421086737465
roms,32bits,951206,2,0.4225751309390395,0.9826334140968436
roms,32bits,951206,3,0.4221209706414804,0.9824282389477483
roms,32bits,951206,4,0.42994367150753887,0.9857921232528797
roms,32bits,951206,5,0.015393090455695192,0.11472635234283515
roms,32bits,951206,6,0.00801929340227038,0.06735568105757857
roms,32bits,951206,7,0.006897559519178811,0.05943907291115373
roms,32bits,951206,8,0.0063130383954684895,0.055211190487865464
roms,32bits,951206,9,0.01275433502311802,0.09854412318747344
roms,32bits,951206,10,0.005657029076772013,0.050372146147125804
roms,32bits,951206,11,0.004493243314276823,0.041506227649113055
roms,32bits,951206,12,0.00353130657291901,0.0338501405756734
roms,32bits,951206,13,0.003973902603642113,0.037414501412822515
roms,32bits,951206,14,0.013803529414238345,0.10506571265881352
roms,32bits,951206,15,0.004745554590698545,0.043462038360806365
roms,32bits,951206,16,0.010454097219739993,0.08378870371250095
roms,32bits,951206,17,0.0028458609386400003,0.0281670775521154
roms,32bits,951206,18,0.015873533177881552,0.11759774578122996
roms,32bits,951206,19,0.014637207923415118,0.11016402440544476
roms,32bits,951206,20,0.0019333351555814407,0.02021493703626029
roms,32bits,951206,21,0.015873533177881552,0.11759774578122996
roms,32bits,951206,22,0.015292165945126503,0.11412040088917473
roms,32bits,951206,23,0.014615130686728216,0.11002992622285927
roms,32bits,951206,24,0.0013004543705569561,0.014342093614064558
roms,32bits,951206,25,0.0019333351555814407,0.02021493703626029
roms,32bits,951206,26,0.014066353660510972,0.10668074803517713
roms,32bits,951206,27,0.0025041894184855856,0.025248058420711095
roms,32bits,951206,28,0.0006970099011150056,0.008314439688697349
roms,32bits,951206,29,0.0006970099011150056,0.008314439688697349
roms,32bits,951206,30,0.0006970099011150056,0.008314439688697349
roms,32bits,951206,31,0.0006970099011150056,0.008314439688697349
roms,32bits,951206,32,6.0975225135249356e-05,0.0009417055446634163
roms,32bits,951206,33,0.0,0.0
roms,32bits,951206,34,0.0,0.0
roms,32bits,951206,35,0.0,0.0
roms,32bits,951206,36,0.0,0.0
roms,32bits,951206,37,0.0,0.0
roms,32bits,951206,38,0.0,0.0
roms,32bits,951206,39,0.0,0.0
roms,32bits,951206,40,0.0,0.0
roms,32bits,951206,41,0.0,0.0
roms,32bits,951206,42,0.0,0.0
roms,32bits,951206,43,0.0,0.0
roms,32bits,951206,44,0.0,0.0
roms,32bits,951206,45,0.0,0.0
roms,32bits,951206,46,0.0,0.0
roms,32bits,951206,47,0.0,0.0
roms,32bits,951206,48,0.0,0.0
roms,32bits,951206,49,0.0,0.0
roms,32bits,951206,50,0.0,0.0
roms,32bits,951206,51,0.0,0.0
roms,32bits,951206,52,0.0,0.0
roms,32bits,951206,53,0.0,0.0
roms,32bits,951206,54,0.0,0.0
roms,32bits,951206,55,0.0,0.0
roms,32bits,951206,56,0.0,0.0
roms,32bits,951206,57,0.0,0.0
roms,32bits,951206,58,0.0,0.0
roms,32bits,951206,59,0.0,0.0
roms,32bits,951206,60,0.0,0.0
roms,32bits,951206,61,0.0,0.0
roms,32bits,951206,62,0.0,0.0
roms,32bits,951206,63,0.0,0.0
roms,64bits,1797046454,0,0.3334631648871109,0.9184256108954116
roms,64bits,1797046454,1,0.35502881552109283,0.9384792039857935
roms,64bits,1797046454,2,0.36218729435249203,0.9444838420316559
roms,64bits,1797046454,3,0.369614764560783,0.9503758393640693
roms,64bits,1797046454,4,0.3737604392501698,0.9535157582142979
roms,64bits,1797046454,5,0.3788092875867304,0.9571967165097695
roms,64bits,1797046454,6,0.3867825222062957,0.9626917764143998
roms,64bits,1797046454,7,0.38587781938329346,0.9620877710218634
roms,64bits,1797046454,8,0.3852653544147056,0.9616760437237207
roms,64bits,1797046454,9,0.3873244620085931,0.9630512062174172
roms,64bits,1797046454,10,0.38655754416018007,0.962542039914978
roms,64bits,1797046454,11,0.38899196425558846,0.9641459456054489
roms,64bits,1797046454,12,0.38887822150868007,0.9640718085127864
roms,64bits,1797046454,13,0.38767994586299104,0.9632860033627724
roms,64bits,1797046454,14,0.39026476552063577,0.9649701984553111
roms,64bits,1797046454,15,0.38780902043392584,0.9633710670697837
roms,64bits,1797046454,16,0.3905392854134866,0.965146686632553
roms,64bits,1797046454,17,0.38921973633075596,0.9642941705075327
roms,64bits,1797046454,18,0.3886322189643296,0.9639111963530939
roms,64bits,1797046454,19,0.3887071435717042,0.9639601526570551
roms,64bits,1797046454,20,0.389843004581561,0.9646981591094718
roms,64bits,1797046454,21,0.38880638752814345,0.9640249469333603
roms,64bits,1797046454,22,0.39035488394781365,0.9650281857450151
roms,64bits,1797046454,23,0.38923171932649436,0.964301959840818
roms,64bits,1797046454,24,0.389116927079727,0.9642273053707325
roms,64bits,1797046454,25,0.38705081187622986,0.9628699369399623
roms,64bits,1797046454,26,0.3880261828779636,0.9635139546707447
roms,64bits,1797046454,27,0.39151399421753624,0.9657696351536631
roms,64bits,1797046454,28,0.38715324829326864,0.9629378454268669
roms,64bits,1797046454,29,0.39244569856845785,0.9663597206593415
roms,64bits,1797046454,30,0.3954991499624305,0.9682568021418796
roms,64bits,1797046454,31,0.39538632538878155,0.9681877072223775
roms,64bits,1797046454,32,0.39397630730362854,0.9673177160568958
roms,64bits,1797046454,33,0.3961088631935833,0.9686288677410017
roms,64bits,1797046454,34,0.393727131775081,0.9671627243433956
roms,64bits,1797046454,35,0.39100566122593955,0.9654454713852703
roms,64bits,1797046454,36,0.39321983993631365,0.9668460198425588
roms,64bits,1797046454,37,0.3953182280951764,0.9681459665695209
roms,64bits,1797046454,38,0.3919772037234158,0.9660636610172532
roms,64bits,1797046454,39,0.3957904056496917,0.9684348150188198
roms,64bits,1797046454,40,0.3918279716323905,0.9659690766201277
roms,64bits,1797046454,41,0.40015420380446104,0.9710407264308568
roms,64bits,1797046454,42,0.39789719425917525,0.9697072339364563
roms,64bits,1797046454,43,0.39760993902498193,0.9695353176838669
roms,64bits,1797046454,44,0.39818163264910234,0.9698769747513702
roms,64bits,1797046454,45,0.3950745282180669,0.9679963599297241
roms,64bits,1797046454,46,0.3966999180311674,0.9689874071883257
roms,64bits,1797046454,47,0.3875167252632413,0.9631782915044302
roms,64bits,1797046454,48,0.40961610723058134,0.9762984505912664
roms,64bits,1797046454,49,0.3884596413443634,0.9637983031515553
roms,64bits,1797046454,50,0.380851829665612,0.9586414219350288
roms,64bits,1797046454,51,0.3524068610415566,0.9361992375624939
roms,64bits,1797046454,52,0.4102141902671148,0.9766128013492772
roms,64bits,1797046454,53,0.41211953221995007,0.9776000267224679
roms,64bits,1797046454,54,0.4130483039811279,0.9780734173512944
roms,64bits,1797046454,55,0.39339373527402427,0.9669547587002096
roms,64bits,1797046454,56,0.3077574654617137,0.8905678555467567
roms,64bits,1797046454,57,0.3405454036192656,0.9253396627833168
roms,64bits,1797046454,58,0.4102034248247653,0.9766071619174068
roms,64bits,1797046454,59,0.4211628126336683,0.9819913716014114
roms,64bits,1797046454,60,0.4234329932352433,0.9830176418339965
roms,64bits,1797046454,61,0.4234330366397974,0.9830176611644087
roms,64bits,1797046454,62,0.3954126357826474,0.9682038268440822
roms,64bits,1797046454,63,0.24273919521058748,0.7995658686333278
wrf,32bits,4446681119,0,0.2796413785298914,0.854961703376198
wrf,32bits,4446681119,1,0.31564189503106127,0.8995790653551079
wrf,32bits,4446681119,2,0.32184978497442823,0.9063816986666036
wrf,32bits,4446681119,3,0.3237335861231564,0.9083954780445125
wrf,32bits,4446681119,4,0.3249836348339239,0.9097188654374146
wrf,32bits,4446681119,5,0.326888765598485,0.9117160085451634
wrf,32bits,4446681119,6,0.33057560766367156,0.9155133876528255
wrf,32bits,4446681119,7,0.33266292779111245,0.9176239690999054
wrf,32bits,4446681119,8,0.3335173342345532,0.918479725066002
wrf,32bits,4446681119,9,0.3308749747566506,0.9158178335561729
wrf,32bits,4446681119,10,0.33980999301785103,0.92463676528408
wrf,32bits,4446681119,11,0.33130291414539365,0.9162520189889836
wrf,32bits,4446681119,12,0.33410914280583925,0.9190696905415388
wrf,32bits,4446681119,13,0.333611446447415,0.9185736961304736
wrf,32bits,4446681119,14,0.3316922391169107,0.9166459903706555
wrf,32bits,4446681119,15,0.3387082805566027,0.9235772513110763
wrf,32bits,4446681119,16,0.3339361355720367,0.9188974571242532
wrf,32bits,4446681119,17,0.3370464708153047,0.9219642991883548
wrf,32bits,4446681119,18,0.32711024223997204,0.9119466364115121
wrf,32bits,4446681119,19,0.3323840388924457,0.9173436129995007
wrf,32bits,4446681119,20,0.3277748399300049,0.9126367652521664
wrf,32bits,4446681119,21,0.30830270201797216,0.8912044945832387
wrf,32bits,4446681119,22,0.28334620299540303,0.8599702790575737
wrf,32bits,4446681119,23,0.33620969100123144,0.9211453740042396
wrf,32bits,4446681119,24,0.3507365622275016,0.9347241482460076
wrf,32bits,4446681119,25,0.3506454610243438,0.9346431861759014
wrf,32bits,4446681119,26,0.3358464315372015,0.920788456829863
wrf,32bits,4446681119,27,0.3019655549984582,0.883680324499064
wrf,32bits,4446681119,28,0.3173056462203221,0.9014273466354402
wrf,32bits,4446681119,29,0.3357808543140554,0.9207239336131849
wrf,32bits,4446681119,30,0.3269615481955139,0.911791833930811
wrf,32bits,4446681119,31,0.25985831186830377,0.8265324878920148
wrf,32bits,4446681119,32,4.817075798054319e-07,1.0803753849009856e-05
wrf,32bits,4446681119,33,0.0,0.0
wrf,32bits,4446681119,34,0.0,0.0
wrf,32bits,4446681119,35,0.0,0.0
wrf,32bits,4446681119,36,0.0,0.0
wrf,32bits,4446681119,37,0.0,0.0
wrf,32bits,4446681119,38,0.0,0.0
wrf,32bits,4446681119,39,0.0,0.0
wrf,32bits,4446681119,40,0.0,0.0
wrf,32bits,4446681119,41,0.0,0.0
wrf,32bits,4446681119,42,0.0,0.0
wrf,32bits,4446681119,43,0.0,0.0
wrf,32bits,4446681119,44,0.0,0.0
wrf,32bits,4446681119,45,0.0,0.0
wrf,32bits,4446681119,46,0.0,0.0
wrf,32bits,4446681119,47,0.0,0.0
wrf,32bits,4446681119,48,0.0,0.0
wrf,32bits,4446681119,49,0.0,0.0
wrf,32bits,4446681119,50,0.0,0.0
wrf,32bits,4446681119,51,0.0,0.0
wrf,32bits,4446681119,52,0.0,0.0
wrf,32bits,4446681119,53,0.0,0.0
wrf,32bits,4446681119,54,0.0,0.0
wrf,32bits,4446681119,55,0.0,0.0
wrf,32bits,4446681119,56,0.0,0.0
wrf,32bits,4446681119,57,0.0,0.0
wrf,32bits,4446681119,58,0.0,0.0
wrf,32bits,4446681119,59,0.0,0.0
wrf,32bits,4446681119,60,0.0,0.0
wrf,32bits,4446681119,61,0.0,0.0
wrf,32bits,4446681119,62,0.0,0.0
wrf,32bits,4446681119,63,0.0,0.0
wrf,64bits,1368723,0,0.37191747344057197,0.9521330099212957
wrf,64bits,1368723,1,0.33268382280417585,0.9176449536827213
wrf,64bits,1368723,2,0.28236027304282896,0.8586469487682475
wrf,64bits,1368723,3,0.17937961150649182,0.6787179844312972
wrf,64bits,1368723,4,0.12909770640224502,0.5549584386586583
wrf,64bits,1368723,5,0.14943418061945332,0.6084225283462797
wrf,64bits,1368723,6,0.5284538946156381,0.9976626560628823
wrf,64bits,1368723,7,0.13245631146696593,0.5641363514594503
wrf,64bits,1368723,8,0.322385902772146,0.9069571921948567
wrf,64bits,1368723,9,0.314013134870971,0.897751748169512
wrf,64bits,1368723,10,0.323139159640044,0.907762566105405
wrf,64bits,1368723,11,0.3094614469107336,0.8925508129592925
wrf,64bits,1368723,12,0.3068655966181616,0.889522134722764
wrf,64bits,1368723,13,0.3193969853651908,0.9037244958867866
wrf,64bits,1368723,14,0.25527225011927174,0.8195279994693654
wrf,64bits,1368723,15,0.35023229681973633,0.9342753450509711
wrf,64bits,1368723,16,0.3189907673064601,0.9032805762768297
wrf,64bits,1368723,17,0.31904337108384967,0.9033381240212766
wrf,64bits,1368723,18,0.3248685088217265,0.9095974150929995
wrf,64bits,1368723,19,0.32073253682447067,0.9051762861469113
wrf,64bits,1368723,20,0.3198799172659479,0.9042508244080909
wrf,64bits,1368723,21,0.3434756338572523,0.9281058793749664
wrf,64bits,1368723,22,0.3258438705274917,0.9106235994075105
wrf,64bits,1368723,23,0.3165512671300183,0.9005915853140003
wrf,64bits,1368723,24,0.2421622198209572,0.7986175238377726
wrf,64bits,1368723,25,0.27060332879625754,0.8423290434901691
wrf,64bits,1368723,26,0.2835007521609559,0.8601770908041392
wrf,64bits,1368723,27,0.29061906609299326,0.8695195928632757
wrf,64bits,1368723,28,0.29955513277704837,0.8807464169089725
wrf,64bits,1368723,29,0.32506138933882167,0.9098008419917991
wrf,64bits,1368723,30,0.31803220958513884,0.9022287083755174
wrf,64bits,1368723,31,0.32063828838998104,0.9050742225277283
wrf,64bits,1368723,32,0.3721907208397901,0.9523393466538528
wrf,64bits,1368723,33,0.3305993981251137,0.9155376030903457
wrf,64bits,1368723,34,0.2801560286486017,0.8556633234291906
wrf,64bits,1368723,35,0.17725500338636818,0.6740350447971499
wrf,64bits,1368723,36,0.12904071897673963,0.5548014717431309
wrf,64bits,1368723,37,0.1517326734481703,0.6141593890600557
wrf,64bits,1368723,38,0.526245266573295,0.9980115891810981
wrf,64bits,1368723,39,0.1325191437566257,0.5643066913959163
wrf,64bits,1368723,40,0.3204483303049631,0.9048683341178669
wrf,64bits,1368723,41,0.31408838749695883,0.8978365657094558
wrf,64bits,1368723,42,0.32070550432775663,0.9051470181021523
wrf,64bits,1368723,43,0.3094439123182704,0.8925305075248327
wrf,64bits,1368723,44,0.3050427296100087,0.8873680215443492
wrf,64bits,1368723,45,0.3218481752699414,0.9063799678758135
wrf,64bits,1368723,46,0.25303147532407944,0.8160476387286077
wrf,64bits,1368723,47,0.35023375803577494,0.9342766478818223
wrf,64bits,1368723,48,0.31983096652865484,0.9041975453789612
wrf,64bits,1368723,49,0.31858454924772944,0.9028355607894825
wrf,64bits,1368723,50,0.3231376984240054,0.9077610074138693
wrf,64bits,1368723,51,0.3190017264267496,0.9032925669056763
wrf,64bits,1368723,52,0.32053161961916327,0.9049586376924121
wrf,64bits,1368723,53,0.34569741284394284,0.9301666701821341
wrf,64bits,1368723,54,0.3231771512570476,0.9078030871420755
wrf,64bits,1368723,55,0.3164014924860618,0.9004252016542041
wrf,64bits,1368723,56,0.24206943260250613,0.7984647700955592
wrf,64bits,1368723,57,0.27111037076165156,0.8430534399904495
wrf,64bits,1368723,58,0.28102691340760694,0.8568462815531762
wrf,64bits,1368723,59,0.2884550051398274,0.866717102883321
wrf,64bits,1368723,60,0.29975604998235583,0.8809924921245784
wrf,64bits,1368723,61,0.3271750383386558,0.9120140490339792
wrf,64bits,1368723,62,0.3159835846990224,0.8999601593335103
wrf,64bits,1368723,63,0.3194503197505996,0.9037826989479494
x264,32bits,42378420,0,0.41245159682687554,0.9777698682736977
x264,32bits,42378420,1,0.43952393694715375,0.989421224253114
x264,32bits,42378420,2,0.40734461077123685,0.9750851072823503
x264,32bits,42378420,3,0.43026913226118385,0.985924259992093
x264,32bits,42378420,4,0.43687143126147693,0.9884703498382832
x264,32bits,42378420,5,0.42911493632844266,0.9854528421229158
x264,32bits,42378420,6,0.5156902027022244,0.999289550942325
x264,32bits,42378420,7,0.35631229290756944,0.9395794746427487
x264,32bits,42378420,8,0.3998527788435718,0.9708644104522809
x264,32bits,42378420,9,0.40872031095071504,0.9758236305947505
x264,32bits,42378420,10,0.38078099655437836,0.958591748687838
x264,32bits,42378420,11,0.4090141633406814,0.9759799159106335
x264,32bits,42378420,12,0.4188175491205194,0.980899129340864
x264,32bits,42378420,13,0.411393865085107,0.9772265832038687
x264,32bits,42378420,14,0.4969077185982866,0.999972409134759
x264,32bits,42378420,15,0.33761128895319836,0.9225145096232827
x264,32bits,42378420,16,0.38945913981691627,0.9644496252936787
x264,32bits,42378420,17,0.40633482796196746,0.974535824153228
x264,32bits,42378420,18,0.36565209368353047,0.9472750582404393
x264,32bits,42378420,19,0.38709015107217304,0.9628960237402096
x264,32bits,42378420,20,0.3934954630210376,0.9670182855338444
x264,32bits,42378420,21,0.38722290731933845,0.9629839882509006
x264,32bits,42378420,22,0.47074133485863795,0.9975284939467869
x264,32bits,42378420,23,0.31463011126889584,0.898446025964466
x264,32bits,42378420,24,0.3689996937120355,0.94990093331876
x264,32bits,42378420,25,0.38472373439123025,0.9613100378841364
x264,32bits,42378420,26,0.35935601185697813,0.9421473320315354
x264,32bits,42378420,27,0.38836030224817253,0.9637332375687603
x264,32bits,42378420,28,0.3969338167869401,0.9691287107469835
x264,32bits,42378420,29,0.3902415427474644,0.9649552476316723
x264,32bits,42378420,30,0.47143329081169144,0.9976440748997386
x264,32bits,42378420,31,0.31085484074205694,0.8941577619920619
x264,32bits,42378420,32,0.3465796978745314,0.9309762863262272
x264,32bits,42378420,33,0.3729308690602434,0.9528959380902149
x264,32bits,42378420,34,0.3416098098985285,0.9263508582716842
x264,32bits,42378420,35,0.36562462687377206,0.9472532252002966
x264,32bits,42378420,36,0.373702747766434,0.9534727908332971
x264,32bits,42378420,37,0.3661936664934653,0.9477045898074292
x264,32bits,42378420,38,0.4526208386249417,0.9935131917357184
x264,32bits,42378420,39,0.29143762320539557,0.8705710856878941
x264,32bits,42378420,40,0.3479313999908444,0.9322070397505635
x264,32bits,42378420,41,0.36216852822733836,0.9444685203255583
x264,32bits,42378420,42,0.33507355866499977,0.9200262375777777
x264,32bits,42378420,43,0.3639905404684743,0.945945860031792
x264,32bits,42378420,44,0.3729193773623462,0.9528873221698517
x264,32bits,42378420,45,0.365680669548322,0.9472977678747949
x264,32bits,42378420,46,0.45094368784867395,0.9930450626627516
x264,32bits,42378420,47,0.29292736727796836,0.8724727573878563
x264,32bits,42378420,48,0.3440180875077457,0.928611937634679
x264,32bits,42378420,49,0.36334745372762833,0.9454267915405509
x264,32bits,42378420,50,0.3270056552367927,0.9118377680344574
x264,32bits,42378420,51,0.3518532309604747,0.935712266744243
x264,32bits,42378420,52,0.3598252837175147,0.9425380660591993
x264,32bits,42378420,53,0.3531837666434945,0.9368793336262069
x264,32bits,42378420,54,0.439337875267648,0.9893558689962225
x264,32bits,42378420,55,0.28013623443252483,0.8556363731191211
x264,32bits,42378420,56,0.3355039664055432,0.9204511893350652
x264,32bits,42378420,57,0.3497221463188104,0.9338196636563649
x264,32bits,42378420,58,0.32188200975874043,0.9064163438825417
x264,32bits,42378420,59,0.35135979585836374,0.9352766090014921
x264,32bits,42378420,60,0.35955903971880027,0.942316550260956
x264,32bits,42378420,61,0.3527475068678823,0.9364979053075203
x264,32bits,42378420,62,0.4381862985925384,0.9889468591762998
x264,32bits,42378420,63,0.28095627444345495,0.8567505317321482
xalancbmk,64bits,447619,0,0.07104926287758116,0.36982715090856577
xalancbmk,64bits,447619,1,0.12310692799009872,0.5382261798246272
xalancbmk,64bits,447619,2,0.03570000379787274,0.22221691750690106
xalancbmk,64bits,447619,3,0.1405391638871451,0.5856490934713796
xalancbmk,64bits,447619,4,0.21173810763171358,0.7447919597636696
xalancbmk,64bits,447619,5,0.22448555579633572,0.7682738255821836
xalancbmk,64bits,447619,6,0.21322374608763256,0.7475997930387163
xalancbmk,64bits,447619,7,0.2303208755660506,0.7785702424866968
xalancbmk,64bits,447619,8,0.22418619406236107,0.7677380363847355
xalancbmk,64bits,447619,9,0.11459075687135711,0.5136096351237156
xalancbmk,64bits,447619,10,0.12703214117363204,0.5492422747592672
xalancbmk,64bits,447619,11,0.22136459801751043,0.7626514026566501
xalancbmk,64bits,447619,12,0.21203076723731568,0.7453465876649035
xalancbmk,64bits,447619,13,0.25187045232664385,0.8142292838009666
xalancbmk,64bits,447619,14,0.19439523344630144,0.7105759293468907
xalancbmk,64bits,447619,15,0.27232534811971787,0.8447816105503313
xalancbmk,64bits,447619,16,0.18273576412082598,0.6860254430459863
xalancbmk,64bits,447619,17,0.24859087750966782,0.8090370694782927
xalancbmk,64bits,447619,18,0.2708598160489166,0.8426957142912137
xalancbmk,64bits,447619,19,0.15335810142107462,0.6181805420676415
xalancbmk,64bits,447619,20,0.2633690705711777,0.8317879083894362
xalancbmk,64bits,447619,21,0.27461747602313574,0.8480126700639756
xalancbmk,64bits,447619,22,0.2830174769167529,0.8595298260506348
xalancbmk,64bits,447619,23,0.23232257790665722,0.7820381581797904
xalancbmk,64bits,447619,24,0.1449223558428038,0.5969862511044534
xalancbmk,64bits,447619,25,0.0004200000446808558,0.005317080836521577
xalancbmk,64bits,447619,26,0.37724493374946105,0.9560729431516283
xalancbmk,64bits,447619,27,0.0004200000446808558,0.005317080836521577
xalancbmk,64bits,447619,28,0.0004200000446808558,0.005317080836521577
xalancbmk,64bits,447619,29,0.0004200000446808558,0.005317080836521577
xalancbmk,64bits,447619,30,0.0,0.0
xalancbmk,64bits,447619,31,0.0,0.0
xalancbmk,64bits,447619,32,0.0,0.0
xalancbmk,64bits,447619,33,0.0,0.0
xalancbmk,64bits,447619,34,0.0,0.0
xalancbmk,64bits,447619,35,0.0,0.0
xalancbmk,64bits,447619,36,0.0,0.0
xalancbmk,64bits,447619,37,0.0,0.0
xalancbmk,64bits,447619,38,0.0,0.0
xalancbmk,64bits,447619,39,0.0,0.0
xalancbmk,64bits,447619,40,0.0,0.0
xalancbmk,64bits,447619,41,0.0,0.0
xalancbmk,64bits,447619,42,0.0,0.0
xalancbmk,64bits,447619,43,0.0,0.0
xalancbmk,64bits,447619,44,0.0,0.0
xalancbmk,64bits,447619,45,0.0,0.0
xalancbmk,64bits,447619,46,0.0,0.0
xalancbmk,64bits,447619,47,0.0,0.0
xalancbmk,64bits,447619,48,0.0,0.0
xalancbmk,64bits,447619,49,0.0,0.0
xalancbmk,64bits,447619,50,0.0,0.0
xalancbmk,64bits,447619,51,0.0,0.0
xalancbmk,64bits,447619,52,0.0,0.0
xalancbmk,64bits,447619,53,0.0,0.0
xalancbmk,64bits,447619,54,0.0,0.0
xalancbmk,64bits,447619,55,0.0,0.0
xalancbmk,64bits,447619,56,0.0,0.0
xalancbmk,64bits,447619,57,0.0,0.0
xalancbmk,64bits,447619,58,0.0,0.0
xalancbmk,64bits,447619,59,0.0,0.0
xalancbmk,64bits,447619,60,0.0,0.0
xalancbmk,64bits,447619,61,0.0,0.0
xalancbmk,64bits,447619,62,0.0,0.0
xalancbmk,64bits,447619,63,0.0,0.0
xz,32bits,230562997,0,0.41596499112127694,0.9795266830757885
xz,32bits,230562997,1,0.41565609072994486,0.9793751643411841
xz,32bits,230562997,2,0.4160259462623137,0.979556515238039
xz,32bits,230562997,3,0.41512809186809796,0.9791148632013834
xz,32bits,230562997,4,0.4188849956699687,0.9809309957695931
xz,32bits,230562997,5,0.4163671588637443,0.9797231012814769
xz,32bits,230562997,6,0.41938464653111707,0.9811662259012622
xz,32bits,230562997,7,0.42658728972021476,0.9843930436254632
xz,32bits,230562997,8,0.42402950721533167,0.9832822508482222
xz,32bits,230562997,9,0.4142693287422873,0.9786879582894782
xz,32bits,230562997,10,0.41711841557992935,0.9800874420891992
xz,32bits,230562997,11,0.4161080019271262,0.9795966394023327
xz,32bits,230562997,12,0.4144615451888839,0.9787838929485688
xz,32bits,230562997,13,0.410295659888564,0.9766554564652323
xz,32bits,230562997,14,0.41280009471771395,0.9779474089965068
xz,32bits,230562997,15,0.4091205363712374,0.9760363633255501
xz,32bits,230562997,16,0.4194313842997105,0.9811881538705188
xz,32bits,230562997,17,0.4000510541593975,0.9709804513893168
xz,32bits,230562997,18,0.41661715561409013,0.9798447153827357
xz,32bits,230562997,19,0.40594652315349633,0.9743229780847292
xz,32bits,230562997,20,0.3739612996095813,0.9536651946657702
xz,32bits,230562997,21,0.37160708836552814,0.9518980700874449
xz,32bits,230562997,22,0.6460865834425287,0.9375145913566703
xz,32bits,230562997,23,0.0,0.0
xz,32bits,230562997,24,0.0,0.0
xz,32bits,230562997,25,0.0,0.0
xz,32bits,230562997,26,0.0,0.0
xz,32bits,230562997,27,0.0,0.0
xz,32bits,230562997,28,0.0,0.0
xz,32bits,230562997,29,0.0,0.0
xz,32bits,230562997,30,0.0,0.0
xz,32bits,230562997,31,0.0,0.0
xz,32bits,230562997,32,0.0,0.0
xz,32bits,230562997,33,0.0,0.0
xz,32bits,230562997,34,0.0,0.0
xz,32bits,230562997,35,0.0,0.0
xz,32bits,230562997,36,0.0,0.0
xz,32bits,230562997,37,0.0,0.0
xz,32bits,230562997,38,0.0,0.0
xz,32bits,230562997,39,0.0,0.0
xz,32bits,230562997,40,0.0,0.0
xz,32bits,230562997,41,0.0,0.0
xz,32bits,230562997,42,0.0,0.0
xz,32bits,230562997,43,0.0,0.0
xz,32bits,230562997,44,0.0,0.0
xz,32bits,230562997,45,0.0,0.0
xz,32bits,230562997,46,0.0,0.0
xz,32bits,230562997,47,0.0,0.0
xz,32bits,230562997,48,0.0,0.0
xz,32bits,230562997,49,0.0,0.0
xz,32bits,230562997,50,0.0,0.0
xz,32bits,230562997,51,0.0,0.0
xz,32bits,230562997,52,0.0,0.0
xz,32bits,230562997,53,0.0,0.0
xz,32bits,230562997,54,0.0,0.0
xz,32bits,230562997,55,0.0,0.0
xz,32bits,230562997,56,0.0,0.0
xz,32bits,230562997,57,0.0,0.0
xz,32bits,230562997,58,0.0,0.0
xz,32bits,230562997,59,0.0,0.0
xz,32bits,230562997,60,0.0,0.0
xz,32bits,230562997,61,0.0,0.0
xz,32bits,230562997,62,0.0,0.0
xz,32bits,230562997,63,0.0,0.0
xz,64bits,50610078,0,0.35481144684266247,0.9382918357924674
xz,64bits,50610078,1,0.34357880262504237,0.928202271067851
xz,64bits,50610078,2,0.38317222115326516,0.9602516856420455
xz,64bits,50610078,3,0.3253250666794072,0.9100785409729468
xz,64bits,50610078,4,0.32155639040904066,0.9060659511962786
xz,64bits,50610078,5,0.6510057147116035,0.9331666583344472
xz,64bits,50610078,6,0.4695478042930501,0.9973226166004285
xz,64bits,50610078,7,0.0738821821219086,0.38024697144811476
xz,64bits,50610078,8,0.3538170994322514,0.9374309269377722
xz,64bits,50610078,9,0.3433893541914715,0.9280252150652992
xz,64bits,50610078,10,0.3854704393065745,0.9618141656790992
xz,64bits,50610078,11,0.32531394241281353,0.9100668343828864
xz,64bits,50610078,12,0.3212284122541759,0.9057123114358352
xz,64bits,50610078,13,0.6515511594350832,0.9326751040994918
xz,64bits,50610078,14,0.4703779353985584,0.9974666831044527
xz,64bits,50610078,15,0.07408516540915033,0.3809869996416123
xz,64bits,50610078,16,0.3525426892248615,0.9363184154363184
xz,64bits,50610078,17,0.34366131583515835,0.9282793150461753
xz,64bits,50610078,18,0.38642708671581183,0.9624550715438949
xz,64bits,50610078,19,0.32699141463484804,0.9118229389328933
xz,64bits,50610078,20,0.31902161857960387,0.9033143293357995
xz,64bits,50610078,21,0.6513694367355055,0.932839082353266
xz,64bits,50610078,22,0.4721961108220383,0.9977682801593425
xz,64bits,50610078,23,0.07374973814503902,0.37976364438486737
xz,64bits,50610078,24,0.3533300225302953,0.9370069382395562
xz,64bits,50610078,25,0.3447419108897639,0.9292842672821462
xz,64bits,50610078,26,0.38589290457129904,0.962097883161522
xz,64bits,50610078,27,0.3289515973478642,0.9138516370115146
xz,64bits,50610078,28,0.32113159359288085,0.9056077814588289
xz,64bits,50610078,29,0.6503432972381509,0.9337610880917653
xz,64bits,50610078,30,0.47270466565967356,0.9978492135835128
xz,64bits,50610078,31,0.07394078705035784,0.38046072001238984
xz,64bits,50610078,32,0.3543267410099625,0.9378729549741609
xz,64bits,50610078,33,0.34426550379946064,0.9288421290134476
xz,64bits,50610078,34,0.38207755775440616,0.9594961304621248
xz,64bits,50610078,35,0.3254914564644615,0.9102535437227405
xz,64bits,50610078,36,0.32038808555086595,0.9048029871711535
xz,64bits,50610078,37,0.6518470688782578,0.9324076398621313
xz,64bits,50610078,38,0.4712331010436301,0.9976109211822406
xz,64bits,50610078,39,0.07385726613580797,0.3801560739427906
xz,64bits,50610078,40,0.3533861971127569,0.9370559132600604
xz,64bits,50610078,41,0.3443725773352888,0.9289416268869359
xz,64bits,50610078,42,0.3848949807980932,0.9614259528103295
xz,64bits,50610078,43,0.32558191275658577,0.9103486060357069
xz,64bits,50610078,44,0.32211752370743235,0.906669339125251
xz,64bits,50610078,45,0.6518576201364479,0.9323980925994301
xz,64bits,50610078,46,0.4708011119840598,0.9975385882334052
xz,64bits,50610078,47,0.07403762547056339,0.38081375826160035
xz,64bits,50610078,48,0.3530538127208577,0.9367658387286448
xz,64bits,50610078,49,0.34359267338019117,0.9282152254714295
xz,64bits,50610078,50,0.3870038295534735,0.9628387694607977
xz,64bits,50610078,51,0.327287679738411,0.912131173500103
xz,64bits,50610078,52,0.31901904992124297,0.9033115193177308
xz,64bits,50610078,53,0.6503933860761882,0.9337162374838197
xz,64bits,50610078,54,0.471823477529515,0.9977080274502366
xz,64bits,50610078,55,0.0738924369964417,0.38028437906921686
xz,64bits,50610078,56,0.3545362249787483,0.9380541719048605
xz,64bits,50610078,57,0.34349909518021293,0.9281278055238315
xz,64bits,50610078,58,0.38561550922723337,0.9619117136591467
xz,64bits,50610078,59,0.3283104207031651,0.9131908163424132
xz,64bits,50610078,60,0.3212671199597835,0.9057540847382961
xz,64bits,50610078,61,0.650259440422123,0.933836139633023
xz,64bits,50610078,62,0.472897809009502,0.9978795589484761
xz,64bits,50610078,63,0.07463673539487531,0.38299352073687276
